ticker,date,item,ar01,car2_10,car2_20
AAPL,2026-04-30,2.02,0.023692648865752584,0.025140866437037605,0.05829361588773817
AAPL,2026-04-20,5.02,-0.005841911939092417,0.019215354503953733,0.06352241249008933
AAPL,2026-02-24,other,0.011336321342335401,-0.013157208110456368,0.0013421557561477783
AAPL,2026-01-29,2.02,0.0184136246897549,0.03249985900888183,0.0355088795711284
AAPL,2026-01-02,5.02,-0.027426192921723977,-0.050470660478143484,0.0009428536254488806
AAPL,2025-12-05,5.02,-0.008479319831557785,-0.01279682268708048,-0.07486417371410736
AAPL,2025-10-30,2.02,0.012696676730351762,0.03130135008549846,0.034749967932581644
AAPL,2025-07-31,2.02,-0.006191228455858655,0.10716337980576084,0.10749500854883329
AAPL,2025-07-25,5.02,-0.001626049739032573,0.07931323624859388,0.06747281635994756
AAPL,2025-07-09,5.02,0.0023274146706673948,-0.0006343046311593232,0.0073221733489017005
AAPL,2025-05-12,8.01,0.02505074840724813,-0.07115349106507189,-0.08446543251981328
AAPL,2025-05-01,2.02,-0.05633771518605243,-0.014105425203417059,-0.07057244602999281
AAPL,2025-02-25,other,-0.023353597998093913,-0.02104713088522267,-0.044600927696508204
AAPL,2025-01-30,2.02,-0.015332706517876752,0.0082848172878319,0.02779062279522891
AAPL,2025-01-03,5.02,-0.013678254875208892,-0.10865076570328719,-0.062256213397588314
AAPL,2024-10-31,2.02,-0.015321516752597575,-0.013618773211736879,0.011335639647605998
AAPL,2024-09-10,7.01,-0.007059896759142656,-0.0123193375615482,-0.02246866779471709
AAPL,2024-08-26,5.02,0.006584746948934391,-0.00913035781061309,-0.021550191675449394
AAPL,2024-08-23,other,0.002850671926349099,0.0012755300050280999,-0.021407330527056564
AAPL,2024-08-01,2.02,0.026240737268093152,-0.013649422361183397,0.001631472846883364
AAPL,2024-05-03,7.01,0.028898670168222434,0.028641559800847025,0.06385978266333955
AAPL,2024-05-02,2.02,0.060929038248875744,0.010211790505256783,0.03628345027981558
AAPL,2024-02-28,other,-0.013028909609897239,-0.07196056396509071,-0.07783806683656734
AAPL,2024-02-01,2.02,-0.01914418112471923,-0.030047860449785444,-0.08080395752012508
AAPL,2023-11-02,2.02,-0.02182761493952839,0.02602948101674029,0.007728920225806216
AAPL,2023-08-03,2.02,-0.04628045834618255,-0.014803948102190228,0.019103775477763364
MSFT,2026-06-05,5.02,-0.01482005828685148,-0.10948335985797095,-0.035501491698248955
MSFT,2026-05-14,5.02,0.04681528791729497,0.05744594333362472,-0.053780791890621314
MSFT,2026-04-29,2.02,-0.057751068086111794,-0.02806922558179875,0.02101251812945648
MSFT,2026-01-28,2.02,-0.09579658903502591,-0.06379098626956936,-0.06307880357303172
MSFT,2025-12-08,5.02,0.021482447384444683,-0.020329003003283587,-0.03058747747124349
MSFT,2025-10-29,2.02,-0.021072238486511262,-0.0356128865926598,-0.08294269107810866
MSFT,2025-09-30,5.02,0.0027045841721572237,-0.005842087279180555,0.011439151111733697
MSFT,2025-07-30,2.02,0.04499671360653294,-0.044292062494139875,-0.07392908994959585
MSFT,2025-07-01,other,-0.016389658594669978,0.02495872122065874,0.02622197511150683
MSFT,2025-04-30,2.02,0.07256600142649819,0.013215878147846,0.030236099312801034
MSFT,2025-01-29,2.02,-0.07226365291972953,-0.004401983457757091,0.0006376113301782907
MSFT,2025-01-22,5.02,0.03018842254748713,-0.05923374783126305,-0.05694053129457811
MSFT,2024-12-11,7.01,0.012661127695069158,-0.016452795824238996,-0.01771036651144682
MSFT,2024-12-03,8.01,0.008422716950261666,0.05120881922381859,0.011255130167289061
MSFT,2024-10-30,2.02,-0.032322242270569415,-0.005229842067694814,-0.0052955502325838805
MSFT,2024-08-21,7.01,-0.01709476120329926,-0.005466292130874864,0.01996657437886775
MSFT,2024-07-30,2.02,-0.03357628406907343,0.0047576999149601465,-0.03890927724338307
MSFT,2024-04-25,2.02,-0.013629533999144443,-0.01490559789995179,0.006171869463455728
MSFT,2024-01-30,2.02,-0.011984389954584316,-0.01373117834194767,-0.04728816678499034
MSFT,2024-01-19,7.01,-0.012976670250023057,0.00021746158002464763,-0.03833888892346539
MSFT,2023-12-08,other,-0.011482833817556135,-0.03757913195726697,-0.04659811757411712
MSFT,2023-11-06,8.01,0.012920336394179069,-0.012823872870760061,-0.04214732702523452
MSFT,2023-10-30,8.01,-0.0011844090341753266,0.004956826559171862,-0.0021237580185105506
MSFT,2023-10-24,2.02,0.04314524901346589,-0.008770697892901524,-0.02664531337014006
MSFT,2023-10-16,8.01,-0.0020187644351202048,0.0799687321453726,0.0803050864857218
MSFT,2023-10-13,2.01,-0.0038810336566244066,0.0707412872544142,0.08400577033417606
MSFT,2023-10-11,8.01,0.010358575903337624,0.0767361938664598,0.07377283062746261
MSFT,2023-07-25,2.02,-0.025792750830896174,-0.02049136101613427,-0.0038291021739544967
NVDA,2026-07-02,5.02,-0.0116071139628036,,
NVDA,2026-06-30,other,0.002558378436435289,-0.011346446946380876,-0.011346446946380876
NVDA,2026-06-18,8.01,0.006143453100402143,-0.07056833293293045,-0.07056833293293045
NVDA,2026-05-20,2.02,-0.02733823549175631,-0.03791588994721943,-0.057182936150392785
NVDA,2026-05-08,5.02,0.01726104575997898,-0.03713752600647136,-0.05385058434644338
NVDA,2026-04-27,5.02,0.02846129041248767,-0.0437028536656859,-0.09716316993577809
NVDA,2026-03-06,5.02,0.0027506391498313687,0.007864618729682093,0.003240168553958707
NVDA,2026-02-25,2.02,-0.04690486246234724,0.03501798260664659,0.03441384466666261
NVDA,2026-01-23,5.02,-0.0017023573502493606,0.0013536540643376768,0.05371954713837681
NVDA,2025-11-19,2.02,0.017064770975789907,-0.07419465018217172,-0.10644114409602651
NVDA,2025-08-27,2.02,-0.02134214556620976,-0.04681524912146587,-0.05528605093216551
NVDA,2025-08-05,5.02,-0.009729847585784344,-0.04903096889608384,-0.09672851396216978
NVDA,2025-07-01,other,-0.012835887303011898,0.0734529916148852,0.08487686232565671
NVDA,2025-05-28,2.02,0.03093164443958317,-0.014666760967269116,0.024071781895692056
NVDA,2025-04-15,8.01,0.013445422749086722,-0.11004223775572577,-0.055728156624123476
NVDA,2025-03-07,5.02,0.028302598781090475,0.07509995550793276,0.16482326727929444
NVDA,2025-02-26,2.02,-0.005872740677575108,0.09496314923938316,0.02388553837778091
NVDA,2025-01-17,8.01,-0.0031367714158566963,-0.14954829967104133,-0.043547274812193594
NVDA,2024-11-20,2.02,-0.022158867408442712,-0.08668022717585668,-0.10931401315409843
NVDA,2024-11-07,5.02,-0.022495544763721308,0.0028878667571884988,-0.10445500881315077
NVDA,2024-08-28,2.02,-0.07439844862669028,0.004615679341759157,-0.031541261613399756
NVDA,2024-07-02,other,0.0022562279770265946,-0.12524941244596363,-0.12231462155654019
NVDA,2024-06-07,other,-0.0017911417218758165,-0.08106069495190418,-0.045602583982185425
NVDA,2024-05-22,2.02,0.10835952720316074,0.09704893364841875,0.06856948826152082
NVDA,2024-03-14,5.02,-0.022716019225977904,-0.04612854388861173,-0.05316184704093528
NVDA,2024-02-21,2.02,0.08683020483562684,0.0861690853292329,0.03144821742829779
NVDA,2023-11-21,2.02,-0.045834802321044824,-0.10305504562237953,-0.16037573683981649
NVDA,2023-10-24,8.01,-0.020485543303169235,-0.043507644571904494,-0.08510001024791743
NVDA,2023-10-17,8.01,-0.06596894068936104,-0.009095425521695753,-0.005679606838955142
NVDA,2023-08-23,2.02,0.030939983801508246,-0.08897304373056425,-0.18817820448869957
NVDA,2023-07-24,5.02,0.008870160080131632,-0.013767210779736494,0.04617485852741346
AMZN,2026-06-12,8.01,-0.014275304661059213,0.004026882625736632,0.00780253856650284
AMZN,2026-06-10,1.01,-0.011787503235324938,-0.053404438362465015,-0.005246006790447009
AMZN,2026-05-22,other,-0.027028247087934124,-0.0529195239674622,-0.08769967143214034
AMZN,2026-04-29,2.02,0.00654386158193381,-0.02580621177409334,-0.03098795372505264
AMZN,2026-04-14,7.01,0.0075855612569479865,0.027180174343380804,0.004196242365251682
AMZN,2026-04-09,7.01,0.07090769197156035,0.019058559250983993,0.045296680680499614
AMZN,2026-03-16,8.01,0.021089961282254197,0.016012874765951472,0.11927879712941436
AMZN,2026-03-13,8.01,0.00678061877278752,0.016423057301342883,0.11047027636883035
AMZN,2026-02-27,1.01,0.008485275744009611,0.04722827644599453,0.06460708981231955
AMZN,2026-02-05,2.02,-0.10747701620832437,0.007686393799011072,0.06349914615510027
AMZN,2025-11-20,8.01,-0.0009450336816167991,-0.008644272806007366,-0.008026958299183743
AMZN,2025-10-30,2.02,0.07390722232194342,-0.005582880066286839,-0.043572262864095976
AMZN,2025-07-31,2.02,-0.03883711335820654,0.023418365384795817,0.017134921728530143
AMZN,2025-05-22,other,0.00796227230018402,0.017083705358537194,-0.012214864707298127
AMZN,2025-05-01,2.02,-0.0009567697306382544,0.02324366043575965,0.027678095716752612
AMZN,2025-04-10,7.01,0.006850005058624407,-0.019922350808223167,-0.0318158372598794
AMZN,2025-02-06,2.02,-0.020917510796589028,-0.05460103391063674,-0.07634986296002705
AMZN,2024-10-31,2.02,0.05248773603918071,0.016555838597124062,-0.015302163469248137
AMZN,2024-08-01,2.02,-0.0551409383696571,-0.0053008691654985625,-0.05715561895661841
AMZN,2024-05-24,other,-0.006645406871834651,0.005236640958690145,-0.035288374231155994
AMZN,2024-05-14,5.02,-0.03095813098615676,-0.01858504917650107,-0.04446409100543032
AMZN,2024-05-03,other,-0.015135609055623438,-0.06672829529226931,-0.10515736011859912
AMZN,2024-04-30,2.02,0.01641689988371195,-0.03192918835786351,-0.07766175439897222
AMZN,2024-04-11,7.01,0.008686434459519105,-0.05588717921099709,-0.027254311293621762
AMZN,2024-02-01,2.02,0.06794259244919787,-0.04057710328165834,-0.030677265690947444
AMZN,2023-11-01,1.01,-0.01372749933432904,-0.03966695198144947,-0.04915306654610607
AMZN,2023-10-26,2.02,0.07991832969461315,0.012749795905977914,-0.01734307525870353
AMZN,2023-09-13,5.02,0.010623515748902407,-0.05574305224469252,-0.042103045204104655
AMZN,2023-08-03,2.02,0.10059691022352796,0.001543243272993388,-0.010033298678482554
GOOGL,2026-06-11,5.02,-0.025707665201516967,-0.06252849659410463,-0.03503857478463654
GOOGL,2026-06-05,1.01,0.00396762687411888,-0.07279037196297351,-0.06398676768206593
GOOGL,2026-06-05,5.02,0.00396762687411888,-0.07279037196297351,-0.06398676768206593
GOOGL,2026-06-04,1.01,0.05208231565760801,-0.04401062909320114,-0.0834095454017862
GOOGL,2026-05-21,8.01,-0.02692772101629353,-0.04081947001613478,-0.12620191244858914
GOOGL,2026-05-11,8.01,-0.039147926216205116,-0.03551065034486392,-0.1000139554480124
GOOGL,2026-04-29,2.02,0.08557862197342361,-0.005435727799917009,-0.0727512028322647
GOOGL,2026-04-10,5.02,-0.004786146729025784,0.010181250864178785,0.11204040901155608
GOOGL,2026-04-02,5.02,-0.000803195489956077,0.04147652473810822,0.13237409923834112
GOOGL,2026-03-06,5.02,0.019305204697260582,0.006340753197255298,-0.031927136310069465
GOOGL,2026-02-13,8.01,-0.02926939092189646,-0.008287238734151912,-0.0057167038538014445
GOOGL,2026-02-04,2.02,-0.01018016127438779,-0.11156538162182168,-0.12599215787910784
GOOGL,2025-11-06,8.01,-0.011342175573614123,0.058551152069042975,0.10506972704726911
GOOGL,2025-10-29,2.02,0.06005610657916735,0.004329623125269688,0.11164232453387164
GOOGL,2025-09-05,8.01,0.007921515352178474,0.05651395843850958,0.006354945746150778
GOOGL,2025-09-03,8.01,0.08392835396609957,0.05503916490252674,0.016196709034203716
GOOGL,2025-07-23,2.02,-0.003159483838347875,0.029574124159693443,0.04459125906801903
GOOGL,2025-07-18,8.01,0.034788956424197374,0.009756579879078072,0.05422409831772571
GOOGL,2025-06-12,other,-0.006173917501620156,-0.003238531217820896,0.0053144237130604444
GOOGL,2025-05-06,8.01,-0.07304910784270616,0.025258030706472142,0.04970820043481164
GOOGL,2025-05-01,8.01,0.006958042566866591,-0.041193407668742625,0.014948830690153065
GOOGL,2025-04-24,2.02,0.007741746109856279,-0.07489017921806299,-0.007441982222087595
GOOGL,2025-04-18,8.01,0.0006875709889086201,0.002526912802927687,-0.04268074748893677
GOOGL,2025-03-18,8.01,-0.0026870112160024898,-0.03337761159661588,0.007363292503793299
GOOGL,2025-02-04,2.02,-0.06087880095223321,-0.052409503601239214,-0.0658003884860143
GOOGL,2024-10-29,2.02,0.04840360595664643,0.00998882744940082,-0.06282821831601447
GOOGL,2024-10-17,5.02,-0.014032246752445207,0.0899161887386337,0.06918990426338664
GOOGL,2024-09-24,8.01,-0.002294260544822535,0.014431407877457364,0.0005330297930803626
GOOGL,2024-08-06,8.01,-0.006114406993984568,-0.05207755324875131,-0.10330907841124008
GOOGL,2024-07-23,2.02,-0.018893532191518233,-0.04456167722596376,-0.08674089607950261
GOOGL,2024-06-26,8.01,0.0024313421698335448,-0.028679287198802556,-0.09213949448499777
GOOGL,2024-06-13,other,-0.009798756426958863,0.019267700139925417,-0.0025066423914498325
GOOGL,2024-06-07,5.02,-0.011812842904938484,-0.001317342412081801,0.01664521265249711
GOOGL,2024-06-05,5.02,0.0003896523865390281,-0.033355711954017465,0.020974897040281337
GOOGL,2024-04-25,2.02,0.0747521119089352,-0.04300169668001431,-0.038731880195990026
GOOGL,2024-02-08,8.01,0.014397705916043443,-0.057656613241657544,-0.1342164366295324
GOOGL,2024-01-30,2.02,-0.06572126023599979,-0.001832637397602161,-0.10270781789389355
GOOGL,2023-10-24,2.02,-0.06868977854115431,-0.02750726397536103,-0.03967036015488369
GOOGL,2023-07-25,2.02,0.059239363270531434,0.036951858597570574,0.05165030781922149
META,2026-05-29,other,-0.061458799095298104,-0.009592699330970057,-0.005587056307165286
META,2026-05-04,8.01,-0.0109458157702863,-0.011976752648189582,-0.06578780897250718
META,2026-04-29,2.02,-0.10221101717274823,-0.034109353190388575,-0.020267216321105074
META,2026-04-14,5.02,0.02989109457742456,-0.017437741723586295,-0.16714287838788752
META,2026-01-28,2.02,0.10220973446688476,-0.08670956588234777,-0.0903475785343377
META,2026-01-16,5.02,0.003458835693231666,0.1309865292932137,0.061445098506909684
META,2025-12-19,5.02,-0.024237899997029324,-0.009168740300364055,-0.06367390312452552
META,2025-12-12,8.01,0.011505907946218728,0.005576196954759907,-0.04097932913962482
META,2025-11-03,8.01,-0.01938615295452085,-0.022255955224616982,0.017886016819544638
META,2025-10-29,2.02,-0.09930498662981677,-0.09894004954149604,-0.054583876333919236
META,2025-07-30,2.02,0.10968535314434771,-0.029086176869804706,-0.08847682621515919
META,2025-05-30,other,0.0330652051994306,0.004971004229310986,0.03067177079154812
META,2025-04-30,2.02,0.021024118281294694,0.07130756919828385,0.03610627387218264
META,2025-04-11,5.02,-0.06405361098869214,0.004694019267692437,0.08257750049593934
META,2025-02-20,5.02,-0.0002787084888738623,-0.020911483445680855,-0.07053428002381104
META,2025-01-29,2.02,0.016229084168802914,0.05348702160462906,-0.0006570632158774924
META,2025-01-06,5.02,0.030014960027351933,-0.044719731551720085,0.07660993860405564
META,2024-10-30,2.02,-0.01011054681168935,-0.06201717102639713,-0.09303317441851713
META,2024-09-10,other,-0.01258116769838986,0.03261173415265635,0.0672541195448432
META,2024-08-09,8.01,0.0023328332516087246,-0.07722033362574096,-0.07741083462811671
META,2024-07-31,2.02,0.06831094883075342,0.04889823717575757,-0.023867803301513064
META,2024-05-31,other,0.003228892047071618,-0.0008156514748188849,-0.02157967099946209
TSLA,2026-07-02,2.02,-0.07198270513650637,,
TSLA,2026-04-22,2.02,-0.0472423659107791,-0.015849252969304915,0.009271387720591445
TSLA,2026-04-02,2.02,-0.0877682553018022,-0.02518088701913739,-0.08122185101910842
TSLA,2026-01-28,2.02,-0.028641130468480325,0.036118711863550534,-0.00159400180827882
TSLA,2026-01-02,2.02,-0.012671714364103831,-0.037734536803810455,-0.0767202581686155
TSLA,2025-11-07,5.02,-0.03997738404035449,-0.062182439837390795,-0.03617937641116769
TSLA,2025-10-22,2.02,0.008260095215566617,-0.006757905280677948,-0.108968381990695
TSLA,2025-10-02,2.02,-0.06908013405619971,0.025644530251432436,-0.017135894355451535
TSLA,2025-09-05,1.01,0.02274866006212753,0.14506351451834132,0.129628656901269
TSLA,2025-08-04,5.02,-0.005058696582541485,0.019424382384168215,0.00613545389290256
TSLA,2025-07-23,2.02,-0.1043222690592285,0.042581540021607786,0.02234699700772129
TSLA,2025-07-10,other,0.05925849983697275,-0.06912599602888009,-0.011926292188967109
TSLA,2025-07-02,2.02,0.015026762853654254,-0.011524935285839338,-0.07699417186646816
TSLA,2025-05-16,other,-0.0239494157773857,-0.006977390416670708,-0.09454828788657473
TSLA,2025-05-16,5.02,-0.0239494157773857,-0.006977390416670708,-0.09454828788657473
TSLA,2025-04-22,2.02,-0.019090758550050928,-0.03282886176152443,0.014680488395582707
TSLA,2025-04-02,2.02,0.1086945659497282,-0.04906137800209101,-0.06752167545388546
TSLA,2025-01-29,2.02,-0.00041618612492640324,-0.18112224833677323,-0.29754712623279334
TSLA,2025-01-02,2.02,-0.0016691306069424316,0.022447621047509223,-0.08005470171223564
TSLA,2024-10-23,2.02,0.21785178014491652,0.08501360966620455,0.28715907815121844
TSLA,2024-10-02,2.02,-0.059839550446473905,-0.10761664580105365,0.10240421326735172
TSLA,2024-07-23,2.02,-0.09363846444446482,0.023125454406916893,0.028704471931397715
TSLA,2024-07-02,2.02,0.1523521292994638,0.022420333191194235,0.01785367052525709
TSLA,2024-06-14,other,0.017791904388624696,0.141763911984119,0.3156181968641377
TSLA,2024-04-23,2.02,0.11914896811359846,0.073815531753489,0.08634007173085637
TSLA,2024-04-16,5.02,-0.017306907382241495,0.199523058319253,0.10562433261515296
TSLA,2024-04-02,2.02,-0.023961036154083494,0.01571708129997302,0.21568026226166603
TSLA,2024-01-24,2.02,-0.14444907008397512,-0.028061914777749792,-0.027758828406121493
TSLA,2024-01-02,2.02,-0.012279483596089012,-0.1307250680753756,-0.3286707116401797
TSLA,2023-10-18,2.02,-0.09813941921578674,-0.047273525984333944,0.0071897358358013475
TSLA,2023-10-02,2.02,0.012585475436008181,-0.01606321975295839,-0.16133210830688882
TSLA,2023-08-07,5.02,-0.023231375143913515,-0.037093798308260956,0.0377976287465493
TSLA,2023-07-20,8.01,-0.0980048118067794,0.009896589317824094,-0.1123784061267824
TSLA,2023-07-19,2.02,-0.09714387369005902,-0.023612438911359248,-0.10175470763106587
AVGO,2026-06-18,8.01,-0.01465972208610523,-0.08774703602262018,-0.08774703602262018
AVGO,2026-06-11,8.01,-0.0210261282681733,-0.013354788105492357,-0.07267719511089438
AVGO,2026-06-03,2.02,-0.12553695455708005,-0.020212029751922003,-0.1240467666161193
AVGO,2026-04-21,other,0.04836250646940093,-0.029983106188437504,-0.10176922878383211
AVGO,2026-04-06,8.01,0.049237302586026356,0.04268952807466225,0.04580797684928902
AVGO,2026-04-02,5.02,-0.009790921962813967,0.11769812103166476,0.11553477013035299
AVGO,2026-03-04,2.02,0.05443562380972139,-0.01161460498437929,-0.017099180304677445
AVGO,2026-03-02,5.02,-0.00626582688405209,0.05442951644046999,0.037066410621425905
AVGO,2026-01-13,8.01,-0.025747360917626347,-0.045422353355061465,-0.020972763479479753
AVGO,2025-12-11,2.02,-0.12055987720533604,-0.0680234294435678,-0.10529566885370112
AVGO,2025-09-29,8.01,-0.029195076474763347,0.07569085458398177,0.014435341460827264
AVGO,2025-09-10,8.01,0.0453361361362781,-0.09360036556022386,-0.13353137058037332
AVGO,2025-09-09,5.02,0.05703335663149542,-0.14268728817238854,-0.19233364962394686
AVGO,2025-09-04,2.02,0.09168880845387849,-0.025618359382184316,-0.09166333692232573
AVGO,2025-07-11,8.01,0.0010395087318607497,0.0018580921049494228,0.03838238892460648
AVGO,2025-06-05,2.02,-0.06916750684069908,0.009261628153696617,-0.0029955823323592912
AVGO,2025-04-22,other,-0.04633975976026366,0.004688270986918642,-0.01068582460971285
AVGO,2025-03-06,2.02,0.05428903699114394,0.02456181487943134,-0.059295335796964554
AVGO,2025-01-13,8.01,-0.005004730128285325,-0.15710437428929527,-0.027308104255018437
AVGO,2025-01-10,8.01,0.018527493339181696,-0.1685452960505825,-0.035504985831444624
AVGO,2024-12-12,2.02,0.24475765012432754,0.1188259276261252,0.10493216138564021
AVGO,2024-10-02,8.01,0.02898834821839735,-0.03110269869940395,-0.023753909391003872
AVGO,2024-09-05,2.02,-0.07222663543602333,0.08153245769856216,0.10530426403696402
AVGO,2024-07-12,8.01,-0.014554675590145585,-0.0625025062063578,-0.037649716512229606
AVGO,2024-07-08,8.01,0.012220496981786785,-0.07181125450091866,-0.055800118817347
AVGO,2024-06-12,2.02,0.12548919443909623,-0.07473558147702777,-0.05715630335505426
AVGO,2024-04-24,other,0.04107055906941319,-0.0384128347331521,-0.048309203928386876
AVGO,2024-03-07,2.02,-0.036920592109305345,-0.014402669936042847,-0.024247620957290834
AVGO,2024-02-09,5.02,-0.01908890049547502,0.00569357735579263,-0.03225486072258315
AVGO,2023-12-07,2.02,0.024134795001596834,0.12703220545699803,0.05561666371699962
AVGO,2023-11-22,2.01,-0.012591519035775881,-0.08583681240342718,0.055832281671793035
AVGO,2023-10-30,8.01,-0.02643192841362314,0.02836847629649148,-0.03824876361095974
AVGO,2023-10-18,8.01,0.008621164895588859,-0.021418560453752438,0.007089480593314556
AVGO,2023-08-31,2.02,-0.02471697056735271,-0.0232759643304905,-0.014805590708362319
AVGO,2023-08-16,1.01,-0.002623851043442242,0.01604507220874009,-0.022833718067285586
JPM,2026-06-25,5.02,-0.006286347051223548,-0.003303312263803765,-0.003303312263803765
JPM,2026-06-24,7.01,0.0027961487303613153,-0.013966279304427679,-0.013966279304427679
JPM,2026-06-24,8.01,0.0027961487303613153,-0.013966279304427679,-0.013966279304427679
JPM,2026-06-02,8.01,0.02031001747729789,0.10258768053633842,0.11607714544391193
JPM,2026-05-27,8.01,-0.038204177032168815,0.0821309864972098,0.14929040024758808
JPM,2026-05-21,other,0.008485359018827666,0.03120652822762413,0.07955222954272283
JPM,2026-05-07,8.01,-0.04679770637927708,-0.0051662845323176415,0.03181043231928673
JPM,2026-04-24,other,-0.009883399977537753,-0.06261471634082455,-0.05974944166169293
JPM,2026-04-23,8.01,-0.01917001769258284,-0.030883013375075603,-0.05667932704381935
JPM,2026-04-14,7.01,-0.04502857749991039,0.0020261907857346065,-0.05475198629568157
JPM,2026-04-14,2.02,-0.04502857749991039,0.0020261907857346065,-0.05475198629568157
JPM,2026-02-23,7.01,-0.04081718922789232,-0.012652747689802768,0.01681632678196572
JPM,2026-02-05,8.01,0.009690725613022234,-0.03839862363010758,-0.08840121266439466
JPM,2026-01-22,5.02,-0.02033521061688449,0.053945407816931704,0.03670031930729284
JPM,2026-01-22,8.01,-0.02033521061688449,0.053945407816931704,0.03670031930729284
JPM,2026-01-13,7.01,-0.046019796616746954,-0.03446060586697644,-0.0004648751177027746
JPM,2026-01-13,2.02,-0.046019796616746954,-0.03446060586697644,-0.0004648751177027746
JPM,2025-12-08,5.02,-0.043905078856084356,0.061478044617784014,0.06481575784094437
JPM,2025-10-22,8.01,-0.011305628944594566,0.03911811438340585,0.02457379454625603
JPM,2025-10-14,7.01,-0.012294269067008614,-0.04120570857650763,-0.012028719083466284
JPM,2025-10-14,2.02,-0.012294269067008614,-0.04120570857650763,-0.012028719083466284
JPM,2025-09-12,other,0.0040861822830813525,0.010446281106449663,-0.029949700655661896
JPM,2025-07-23,8.01,0.007130628578520911,-0.023851757902646868,-0.0384612778943427
JPM,2025-07-15,7.01,-0.011067078974275536,0.013277150908500018,-0.021369590813834445
JPM,2025-07-15,2.02,-0.011067078974275536,0.013277150908500018,-0.021369590813834445
BAC,2026-05-06,other,-0.018338967465168117,-0.04442511859562139,-0.011767302326520748
BAC,2026-04-15,2.02,-0.00770106477217454,-0.028291947071623216,-0.1317819902862512
BAC,2026-02-13,8.01,0.0016227082710006152,-0.0611746415505381,-0.08783044413832743
BAC,2026-01-14,2.02,-0.034145431637405584,0.004511000022654352,0.010030397013702366
BAC,2026-01-06,7.01,-0.025085464367286706,-0.06266733002295839,-0.004821653368796631
BAC,2025-11-26,5.02,0.010099871099289268,0.014030975238873361,0.03879142228062931
BAC,2025-10-16,other,-0.018306205735745262,0.006815464076243984,0.011108853451004659
BAC,2025-10-15,2.02,0.010011518294861868,-0.0015666070577728432,0.028700428258308812
BAC,2025-09-15,5.02,-0.0031568018342690934,0.022503182382747774,-0.050611341004137084
BAC,2025-09-12,8.01,-0.008720531440169255,0.025005892109773005,-0.034813855575775335
BAC,2025-07-24,8.01,0.0017350542849090692,-0.06941021770011002,-0.00339053723173551
BAC,2025-07-23,8.01,0.0040898104491452186,-0.06225641411147383,-0.008712775281725961
BAC,2025-07-16,2.02,0.00962195975487282,0.009020127661087965,-0.021790080709092937
WFC,2026-05-20,other,0.006039145968833603,0.056523293711990635,0.07871651869393761
WFC,2026-04-30,5.02,-0.022342232139292532,-0.12393476060406516,-0.08488229308943768
WFC,2026-04-14,2.02,-0.09646934351311713,-0.0020389104165591428,-0.11471050408594358
WFC,2026-03-18,other,0.0180015560540832,0.05630535834853948,-0.0025994655393068566
WFC,2026-03-17,other,0.01649855780326608,0.05623327262062658,-0.0077693601633216265
WFC,2026-02-25,8.01,0.01750922029750952,-0.09465531565120468,-0.025178355329246595
WFC,2026-02-13,other,0.010252231640510293,-0.0599742627002427,-0.12020883063344395
WFC,2026-01-29,8.01,0.03221166225023823,-0.02878507994721351,-0.09418798916403653
WFC,2026-01-23,other,-0.006085039215755655,0.0693222167957845,-0.020090932584143163
WFC,2026-01-22,8.01,0.0036652663566031467,0.06994762431337792,0.018561335307579866
WFC,2026-01-14,2.02,-0.04831716222191726,0.011389557064662045,-0.018583116535876222
WFC,2025-12-12,8.01,0.014985417601061883,9.449594038723943e-05,-0.02231068431361482
WFC,2025-10-14,2.02,0.08887952340810004,-0.03544530388733817,-0.04047358855851498
WFC,2025-09-15,other,-0.007873089137431472,0.018193599496406837,-0.0637338671193361
WFC,2025-08-28,other,-0.0036859395272432942,-0.03888902081140565,-0.018146330780335458
WFC,2025-07-31,5.02,-0.029910947784661357,-0.019827335540269365,-0.0028310788054080917
WFC,2025-07-29,other,-0.013098902534100417,-0.04284682963336079,-0.02880792905626941
WFC,2025-07-15,2.02,-0.042558072022163884,0.006877605951868619,-0.04785940523267664
WFC,2025-06-17,other,0.028703743434958094,0.04726917519993436,-0.006168502689779955
WFC,2025-06-03,8.01,0.0018769976641204974,-0.04808177272012041,0.031986865329204646
WFC,2025-05-30,8.01,-0.0032317393652841987,-0.04570827537105644,0.012093658104844467
WFC,2025-05-14,8.01,-0.01175058451400517,-0.014765734258745321,-0.045832586168623145
WFC,2025-05-02,other,0.017548169572039637,-0.02529132549822261,-0.04625736172726548
WFC,2025-04-30,8.01,0.0008242805748328854,0.006341840658140339,-0.02683290520426709
WFC,2025-04-23,other,0.010137997302478857,0.019965341824978496,-0.01819509874165012
WFC,2025-04-11,2.02,-0.028933957174530563,0.06777972953732732,0.08546765208055201
WFC,2025-03-17,8.01,0.004656217553280785,0.0018933269219907067,-0.10048980169145338
WFC,2025-02-13,8.01,-0.0023574967055984674,-0.00930054325627785,-0.0710623863225524
WFC,2025-01-30,8.01,0.003564054579445386,-0.013328972126706912,-0.007515547880501778
WFC,2025-01-30,5.02,0.003564054579445386,-0.013328972126706912,-0.007515547880501778
WFC,2025-01-28,8.01,0.0001545260037242712,0.0077741926299210486,-0.02773152793194522
WFC,2025-01-24,other,0.01854837292562639,0.02837554457952854,-0.020258282441657553
WFC,2025-01-15,2.02,0.05140634274853127,0.008458082398476587,-0.0037957634627217678
WFC,2024-12-03,other,-0.036451722733268306,-0.036142070921206,-0.03453136657271948
GS,2026-06-24,8.01,-0.02952712644468607,-0.06614977511178183,-0.06614977511178183
GS,2026-06-03,other,0.03099029563280402,0.03401124258172698,-0.05689556325745451
GS,2026-05-12,other,0.0034174122008833294,0.020083339116613287,0.07429753467464408
GS,2026-05-01,other,-0.02285473904983095,-0.002889345209850097,0.055600170739093444
GS,2026-04-20,other,0.011987820981924236,-0.0597936971858022,-0.061218491565798054
GS,2026-04-13,2.02,-0.03056331897826746,-0.017528488262369638,-0.06383787489610898
GS,2026-03-13,5.02,0.000703308563877264,0.0642138067708911,0.05342131586013594
GS,2026-03-05,other,-0.03139320368096381,0.0007051713142586461,0.0584856700228866
GS,2026-02-13,5.02,0.007654311810677181,-0.06761833550598155,-0.12258862406307558
GS,2026-02-02,other,0.00694029243724731,-0.01674169885001755,-0.07064609871548502
GS,2026-01-23,8.01,-0.0323308721638424,-0.006467622534253401,-0.03842180199542513
GS,2026-01-21,other,-0.01170750036565969,-0.04569040580022361,-0.0454106381929667
GS,2026-01-15,2.02,0.02760677832545938,-0.03705777541658766,-0.05845527824421775
GS,2026-01-08,2.02,-0.012821518911501168,-0.019669308079868452,-0.020460040553044928
GS,2025-10-21,other,-0.019715126538184823,0.03506998264686126,0.037909225036998756
GS,2025-10-14,2.02,-0.03088738005846721,-0.02361697359431584,-0.004562311660920984
GS,2025-07-16,2.02,-0.009318375471033223,0.014734609725963986,0.004917062106610311
MS,2026-06-24,8.01,-0.0244702881601438,-0.05489475884025878,-0.05489475884025878
MS,2026-05-15,other,0.0069982873439661895,0.05034167701479311,0.08517993682116451
MS,2026-04-15,2.02,0.007371615521547654,-0.024231089745204954,-0.046178567399572226
MS,2026-02-11,8.01,-0.0364357541727893,0.035923912343076736,-0.062340914351447285
MS,2026-01-15,2.02,0.042729953258761444,-0.03477887286511956,-0.0868518280537664
MS,2025-10-15,2.02,0.03227925078276023,-0.03627506532427334,0.0040035257565492095
MS,2025-09-30,8.01,-0.03850720120117468,-0.006947246159472164,-0.003949125307464503
MS,2025-09-23,8.01,-0.008066722357257685,-0.037455831659114446,-0.030214623497973155
MS,2025-07-16,2.02,-0.018780450830487832,0.00811812489973832,0.005573210330859129
V,2026-06-26,8.01,0.02951505512760238,0.05805400188332613,0.05805400188332613
V,2026-05-12,1.01,-0.009568130311839042,0.024379754234186007,0.04593767642495197
V,2026-05-11,7.01,0.027637449380685936,-0.0007232342083052339,0.01945135183970274
V,2026-04-28,2.02,0.08698623206648366,-0.040662985512109596,-0.03885527431434484
V,2026-02-27,8.01,0.017132868625537236,-0.006672461053371145,-0.003775811587590789
V,2026-02-13,7.01,-0.014248336585719345,0.006867177337181651,0.0006406242159428636
V,2026-02-12,8.01,-0.033714358704525424,0.0223249013514781,0.015233501035868721
V,2026-01-29,2.02,-0.011201261618878546,0.023490310200582107,0.009250538211804021
V,2026-01-28,other,0.021890558024445804,-0.0009022021310486567,-0.033553844209498807
V,2025-12-30,8.01,-0.0041383462150320245,-0.06923683375441797,-0.06326863283537555
V,2025-12-23,8.01,0.002907588086612862,-0.005308330892688328,-0.07904764040141597
V,2025-11-10,8.01,-0.005528100479567347,-0.012497571680856703,-0.03924803945068385
V,2025-10-28,2.02,-0.022067446528160138,-0.005276809371709617,-0.010784397054660978
V,2025-09-29,5.02,0.005307145393482534,0.0029120206568836304,-0.016114746794761613
V,2025-09-26,8.01,0.007394861228580906,0.016219746961288722,-0.008257969550946173
V,2025-09-19,8.01,0.010035752718319305,0.010180865049156535,-0.01050385801632792
V,2025-08-08,other,0.005560783268081789,0.024797132840456187,-0.009980123759693513
V,2025-07-29,2.02,-0.011912217032241709,-0.056690890420397405,-0.026585237817508746
V,2025-07-23,other,-0.002214079745196434,-0.0466596784591217,-0.04704605773474174
V,2025-05-15,8.01,0.014704180551653043,-0.0007920582539857014,-0.05061440342276064
V,2025-04-29,2.02,0.017987195204223046,-0.00897897748601923,-0.007216339824942719
V,2025-03-31,8.01,0.00346694975262455,-0.0171762370443968,-0.021953599468900874
V,2025-01-30,2.02,0.017378442037319006,0.03240352757045502,0.06623415194958827
V,2025-01-29,other,0.024584858472562247,0.025859306202702846,0.05418264012849935
V,2024-10-29,2.02,0.02228327414638965,0.05198607733090521,0.05566408707482797
V,2024-10-11,8.01,0.002161056131771333,0.008990376337950173,0.07671580424959018
V,2024-09-26,8.01,0.01888306879996933,0.0035516610709248795,0.02176953648969891
V,2024-07-23,2.02,-0.03493968938156849,0.03984195108814844,0.03304668806184656
V,2024-07-10,other,-0.011973496945620471,-0.01339754703815212,0.024357832403193808
V,2024-05-08,1.01,0.0031358204524711813,-0.022394824898754117,-0.023648812825440135
V,2024-05-06,7.01,0.02083470076512959,-0.009390957892779633,-0.029522407982306598
V,2024-04-23,2.02,0.0008748297215928186,-0.013163334075341067,-0.03478887162909204
V,2024-03-26,8.01,-0.013512596733346026,-0.004781719320630337,0.008214224121066484
V,2024-01-25,2.02,-0.016833789739491907,0.013994179448668122,0.027429359724823913
V,2024-01-24,other,-0.00011233073187564852,0.008821334280017436,0.01145067257972551
V,2023-10-24,2.02,0.027990245404251043,-0.009604803653211577,-0.013293422363311927
V,2023-10-18,5.02,-0.013092896125744121,0.02360987624092903,0.0071457518527958536
V,2023-10-02,8.01,0.005391815225716773,0.014324046634274138,0.0202607604448201
V,2023-09-13,7.01,-0.03239252538065336,-0.010415983984552034,-0.007568735578670124
V,2023-08-30,7.01,-0.001352998860693984,-0.01913107103930078,-0.02419837186108697
V,2023-07-25,2.02,-0.017494935377579627,0.021595909741280964,0.04846740571476099
MA,2026-06-17,other,-0.020126450139010627,0.10750302985680098,0.10750302985680098
MA,2026-06-08,8.01,0.011439008391634399,-0.002556624455105714,0.09744799966522819
MA,2026-06-02,5.02,-0.04224436742943328,0.07574745870565208,0.1318333093065467
MA,2026-05-07,5.02,0.005905649431019459,0.012870258221251577,0.011147406974000924
MA,2026-04-30,2.02,-0.06450575934760289,-0.02921835203129317,-0.020058384428640545
MA,2026-02-05,5.02,-0.013177675013447228,-0.03646386443763355,-0.019718106207629246
MA,2026-01-29,2.02,0.03801773591189766,-0.00676747663303171,-0.027393939833274587
MA,2025-11-12,1.01,0.007370355681348213,-0.027322963353269173,-0.0030568270932556027
MA,2025-11-10,8.01,-0.00232165325024644,-0.021018661627556317,-0.03768134221163565
MA,2025-10-30,2.02,0.0012222129892822155,0.017353385603509297,-0.005222321408179642
MA,2025-07-31,2.02,0.015845663506815273,0.008674141282299064,0.009573337534410635
MA,2025-06-26,other,-0.009833450139657007,-0.01566295586330799,-0.0068478323852037715
MA,2025-05-01,2.02,0.005626348436858025,0.008768233655235137,0.010487471689201059
MA,2025-02-27,8.01,0.0265185320339537,-0.059307277995831194,-0.00954749083072039
MA,2025-02-26,5.02,0.010358851081690233,-0.04721696538835495,-0.015952888207268326
MA,2025-02-10,5.02,-0.0014617725129568446,0.009911250369223065,-0.017985533433531715
MA,2025-01-30,2.02,0.012125113393695434,0.00891602243488127,0.040476968585560325
MA,2024-11-13,7.01,-0.0136198182442968,0.013784006202397756,0.004612272985864049
MA,2024-10-31,2.02,-0.0016420225296181548,-0.0029394340347586494,0.007591907211735719
MA,2024-09-05,8.01,0.0006676410800475589,-0.006129045322294888,0.0016113008462843347
MA,2024-07-31,2.02,0.03227259293436041,-0.003996570876424741,0.002490546401326282
MA,2024-06-21,other,0.01304699225348081,-0.042996111013108095,-0.03829288522467768
MA,2024-05-09,8.01,-0.001398704345494605,-0.021706931153865548,-0.03859267642383836
MA,2024-05-01,2.02,-0.028047929960344435,-0.005226297619600272,-0.030484918486531377
MA,2024-03-26,8.01,-0.0025561679686125563,-0.004007300574970914,-0.006165763659960201
MA,2024-01-31,2.02,0.03787312431060707,-0.007359182426101483,-0.00239448992459782
MA,2023-12-11,other,0.012966050708401507,-0.01941674308690086,-0.00943677137063338
MA,2023-10-26,2.02,-0.04180073524603985,0.004229480190806574,0.012402412590670243
MA,2023-07-27,2.02,-0.026904849383286036,0.03464053965264546,0.05568489370352221
UNH,2026-06-05,other,0.040175594455172464,-0.0067733356453648814,0.03322020073389049
UNH,2026-05-11,7.01,0.04422007280691549,-0.05164154683389303,0.06208802944074868
UNH,2026-04-21,2.02,0.09326801257493006,0.03750254426142127,0.11772054828644571
UNH,2026-03-09,7.01,-0.00442454102720322,-0.016883927457532494,0.1413490687567168
UNH,2026-03-02,5.02,-0.00836400882608191,0.014550340603225242,-0.04074121197522159
UNH,2026-02-25,5.02,0.047067865484442924,0.016638515638408475,-0.018975570749574018
UNH,2026-01-27,2.02,-0.15353924669052782,-0.05409732901928681,0.005510302699197667
UNH,2026-01-12,7.01,-0.025971884339787598,-0.12910090061199958,-0.14300028648328847
UNH,2025-11-21,5.02,0.021788284009658838,0.03345528290433431,0.05561765386899886
UNH,2025-11-13,other,-0.043779743671016905,0.03782480175308324,0.10149491901310978
UNH,2025-11-07,7.01,-0.0001340526153897556,0.018973326360094064,0.047419693552642764
UNH,2025-10-28,2.02,-0.026491661982375323,-0.06350061121839935,-0.045033170042831694
UNH,2025-09-08,7.01,0.10759985212681566,0.012352567990812455,0.09608510435699827
UNH,2025-08-20,7.01,0.003947062959412152,0.043367608309836374,0.15267159829794222
UNH,2025-07-31,5.02,-0.10070480699148693,0.1466105838388897,0.2811090424968148
UNH,2025-07-29,2.02,-0.050198009099093374,0.0061006573028516906,0.17458661029590897
UNH,2025-07-24,8.01,-0.035272913825296535,-0.11009955621296834,0.1343885883364431
UNH,2025-06-20,8.01,-0.019812435786964903,0.020015426712989417,-0.041172824112487946
UNH,2025-06-04,5.02,-0.015752578329435975,0.049737803043518096,0.054136198253593074
UNH,2025-05-21,5.02,-0.07402943088762043,-0.002058490884191534,0.030425186120215605
UNH,2025-05-14,5.02,-0.12291764088772299,0.08355802642929952,0.13818306503671138
UNH,2025-04-29,5.02,-0.022639616718458724,-0.27794999790941244,-0.3109732718882041
UNH,2025-04-17,2.02,-0.2818944342643068,-0.0891959510068032,-0.39234383330404254
UNH,2025-01-16,2.02,-0.06353977406471145,0.062249935848994783,0.025088579236860448
UNH,2024-12-04,8.01,-0.04355591988890618,-0.13643880204082515,-0.11193790361613914
UNH,2024-12-03,7.01,0.0028075249836731486,-0.22088160824751893,-0.18169695259075194
UNH,2024-11-26,7.01,0.003458270677534708,-0.12645663644699898,-0.1687092541032783
UNH,2024-10-15,2.02,-0.055016838474506,-0.020781012591058995,0.06468724332002097
UNH,2024-07-25,8.01,0.017509876757721133,-0.0012235055318575781,0.017679678356417892
UNH,2024-07-16,2.02,0.11033508616007717,0.00842156235724241,0.004655344951001991
UNH,2024-06-07,other,-0.014154355284443507,-0.00869753598675707,-0.006547060493194321
UNH,2024-05-24,7.01,-0.026661428485370425,-0.018822925056909835,-0.03956015352016244
UNH,2024-05-15,5.02,0.013031562370559163,-0.07561196020708959,-0.04723366734791091
UNH,2024-05-09,7.01,0.018501130307269777,0.009941189818033326,-0.03900235666478395
UNH,2024-04-16,2.02,0.07526436597456287,0.011561235888085471,0.0670830471940441
UNH,2024-03-28,5.02,-0.007000552754768696,-0.10455880782643592,0.01677455956686466
UNH,2024-03-21,8.01,-0.009396475198407665,-0.0728037517247615,0.02799870428525008
UNH,2024-02-22,other,0.004042744716202038,-0.10009666413112464,-0.07505978651031668
UNH,2024-02-09,8.01,-0.007109219349902107,0.008439392639329819,-0.06424009517261528
UNH,2024-02-07,5.02,0.014832658529385256,0.00254616155722958,-0.1002473919860973
UNH,2024-01-12,2.02,-0.0381215511869517,-0.03935484383753129,-0.02219720948151739
UNH,2023-12-29,8.01,0.029919969778914198,-0.03836476347081016,-0.07593395818318159
UNH,2023-11-28,7.01,-0.016000178067475966,0.01638064707695109,-0.03712362457153476
UNH,2023-11-22,7.01,0.01208107778656476,0.0033884338567459326,-0.06304667321935851
UNH,2023-11-03,5.02,-0.008248972767281655,-0.003725168968845083,0.02102752730354074
UNH,2023-10-13,2.02,0.022626050745512154,0.0015477951163460173,0.010533104246615223
UNH,2023-07-14,2.02,0.07982802116621991,0.035201761060898396,0.06071924860687923
JNJ,2026-04-28,other,0.005062992180474072,-0.0332945678751059,-0.01707188707430462
JNJ,2026-04-14,2.02,-0.0016061368105471183,-0.06568571145192653,-0.1032642956208047
JNJ,2026-01-21,2.02,-0.0030585552105564387,0.05637497732987004,0.09205312652732664
JNJ,2025-10-14,2.02,5.6262611468853806e-05,-0.029294447571874587,0.0021039812727965054
JNJ,2025-09-09,5.02,-0.014234706311230761,0.0005046367103284689,0.0641876790887979
JNJ,2025-07-16,2.02,0.05009479031396297,0.022414999755504664,0.06051780502353048
JNJ,2025-06-10,5.02,-0.0004961296457694003,-0.022318042267145812,0.009205503572733165
JNJ,2025-04-30,5.02,-0.009543887252641405,-0.05072014931772012,-0.0008323139089525889
JNJ,2025-04-15,2.02,-0.008588595636473746,0.018647446745399105,-0.04316550080687012
JNJ,2025-04-03,7.01,-0.029203562007706803,0.029895514533941386,0.02669300941756232
JNJ,2025-02-26,8.01,-0.016171016168666542,-0.010958470231370972,-0.015502826106220752
JNJ,2025-02-20,8.01,0.026521444454618417,0.019702998092181553,0.0028380740376266088
JNJ,2025-01-22,2.02,-0.00870286126654044,0.056235110868025726,0.09973023188626845
JNJ,2024-10-15,2.02,0.01609890610335651,-0.02845645591360149,-0.08122385968087174
JNJ,2024-09-20,7.01,-0.009882740198363403,-0.018861717954068286,0.008895390279353627
JNJ,2024-09-10,5.02,-0.012182467451316886,-0.015804305718823627,-0.03527595727027265
JNJ,2024-08-26,5.02,0.0008714568742541561,0.03250908209648505,-0.0007572823787918553
JNJ,2024-07-17,2.02,0.034787597068405625,0.020625188957609415,0.03156730763249241
JNJ,2024-05-20,8.01,-0.01431194794199697,-0.017741284316816184,-0.03829079423021849
JNJ,2024-05-17,8.01,-0.011414833125638593,-0.017975952342559682,-0.0354653490355121
JNJ,2024-05-01,2.02,0.036292832954768865,0.008775375380843524,-0.0254112825854949
JNJ,2024-04-29,other,-0.007078491620388714,0.03905388841888998,-2.4314751736118773e-05
JNJ,2024-04-16,2.02,-0.016803288212531717,0.0006734448186005663,0.04068725978058997
JNJ,2024-01-23,2.02,-0.022095512321170088,-0.007238900436734162,0.007076558182652434
JNJ,2023-12-05,5.02,-0.011327666060072836,-0.01048044806107554,0.02913116887992792
JNJ,2023-12-05,8.01,-0.011327666060072836,-0.01048044806107554,0.02913116887992792
JNJ,2023-11-30,8.01,0.03900567837280153,-0.012152818634501659,-0.009158731445823668
JNJ,2023-11-27,5.02,-0.004082670526842839,0.02414333355600799,0.027712924022243828
JNJ,2023-10-23,5.02,-0.012772143427346302,-0.00240715395605166,-0.01575284151389935
JNJ,2023-10-17,2.02,-0.026175826936770986,-0.018180432187727875,-0.04187797617076903
JNJ,2023-08-30,2.02,-0.017096892825874507,0.012354541848844013,-0.015169164665767634
JNJ,2023-08-25,2.01,-0.002457707528216193,-0.015438090692701335,-0.019983745479148537
JNJ,2023-07-28,other,-0.038795380003602935,0.04928727506808546,0.019688930708697563
JNJ,2023-07-24,8.01,0.01084671853312399,0.01052475253405781,-0.012166579291592844
JNJ,2023-07-20,2.02,0.07409249615075045,0.00778976930282709,0.03918408339106631
LLY,2026-05-20,8.01,0.01140674369821246,0.0629310575991132,0.03947132072220284
LLY,2026-05-07,other,-0.04395306233495676,0.08698087194047784,0.1699231006884767
LLY,2026-04-30,2.02,0.12111345211082991,0.023108302373856294,0.11372722530618573
LLY,2026-02-04,2.02,0.03511527591175917,-0.009698869844945878,-0.05293169693836203
LLY,2025-11-21,5.02,0.008737668776466395,-0.08580311466205509,-0.014423762868408992
LLY,2025-10-30,2.02,0.0659542929241768,0.1870735757407082,0.23353795313554815
LLY,2025-08-20,8.01,0.015582598060597263,0.04117594798531528,0.0639327134862155
LLY,2025-08-07,2.02,-0.1694056158278543,0.13528530322048007,0.15199831133596867
LLY,2025-05-08,other,-0.059891151820339564,-0.05057231215232586,0.00015039271637715297
LLY,2025-05-01,2.02,-0.0972034982191943,-0.14515663643940196,-0.13331801478032285
LLY,2025-02-12,8.01,0.0017232899966356918,0.07689504807753574,0.010375328588904068
LLY,2025-02-06,2.02,0.048433696254175956,0.0007147883918388019,0.03854809941189657
LLY,2025-01-14,2.02,-0.08161431768325758,0.06111694303660988,0.1411543280627764
LLY,2024-11-19,5.02,0.030538081385907516,0.06459874438135578,0.0041703607447541955
LLY,2024-10-30,2.02,-0.06536478699465167,-0.07146517985027555,-0.10824703245286219
LLY,2024-09-09,5.02,-0.018868166865444964,-0.0291408375314186,-0.0567612079052252
LLY,2024-08-16,5.02,-0.022422735818511133,0.024032857508180926,-0.02542100243918832
LLY,2024-08-14,8.01,0.00932256379700267,-0.003202150765398176,-0.03500512661280483
LLY,2024-08-08,2.02,0.12650376034510782,0.022887508280315397,-0.030912531343392478
LLY,2024-07-10,5.02,-0.00407159323446474,-0.08693261211886821,-0.19225200242576035
LLY,2024-06-05,5.02,-0.0055208479784621695,0.02493890919157435,0.026428983632095497
LLY,2024-05-09,other,-0.028046357538599458,0.04067102573674504,0.06135393470953395
LLY,2024-04-30,2.02,0.0611470048639185,-0.0628351839911646,-0.025720970876776716
LLY,2024-02-09,8.01,-0.005491874091523635,0.022076784517386934,-0.05590669353634649
LLY,2024-02-06,2.02,0.01663185000649524,0.009391786850422877,0.017767820490898662
LLY,2023-11-02,2.02,0.014144431124647978,0.01658609744401547,-0.013936279264368207
LLY,2023-08-08,2.02,0.15870036548656077,0.04506387825095561,0.031188209889862217
ABBV,2026-06-22,7.01,0.08430177887193036,0.10137665556819844,0.10137665556819844
ABBV,2026-05-12,other,0.026326471430048924,0.02678480920252165,0.076218358385985
ABBV,2026-04-29,2.02,0.06390362386395888,-0.02669775664339299,0.011779860614869193
ABBV,2026-04-03,2.02,-0.015046993541992584,-0.042103642022430894,-0.02864165424516793
ABBV,2026-03-04,8.01,-0.007403439914358325,-0.09584533252638669,-0.06330186807026605
ABBV,2026-02-26,8.01,0.026973135189837006,-0.019110408463664165,-0.07305556723981246
ABBV,2026-02-04,2.02,-0.02251540926067156,0.015473378750488365,0.04782761155688106
ABBV,2026-01-07,2.02,0.0019295690898596674,-0.0273784021746791,-0.025168693580723316
ABBV,2025-10-31,2.02,-0.07599474923556376,0.09456115492907104,0.051940375154953075
ABBV,2025-10-03,2.02,-0.029346026975172537,0.005662530499807869,-0.05939843195929322
ABBV,2025-09-11,7.01,0.028757761349078002,2.9671956803008562e-05,0.04936588495407509
ABBV,2025-07-31,2.02,0.039604174583001646,0.031815727629980695,0.044619458115171574
ABBV,2025-07-03,2.02,-0.017910907619850498,0.007987347695601553,0.03711161380667174
ABBV,2025-05-13,5.02,-0.07048534707788713,0.026839128386304017,0.05964851481929946
ABBV,2025-04-25,2.02,0.06306131432380342,-0.04919015791802057,-0.06466554418676827
ABBV,2025-04-03,2.02,-0.08046012785470485,-0.07925068422141009,0.042327339236844036
ABBV,2025-02-26,8.01,0.00652197722300513,0.04057658583805436,-0.014897428770914801
ABBV,2025-02-19,8.01,0.023961630735639856,0.062127028667438675,0.071903142084456
ABBV,2025-02-14,5.02,0.01386330836260024,0.08520082274075494,0.10592578373263654
ABBV,2025-02-05,8.01,0.013558985432450318,0.03657189097191188,0.09686441183214825
ABBV,2025-01-31,2.02,0.08316637420537665,0.006885289641408115,0.10687878672904885
ABBV,2025-01-10,other,-0.007546284534062805,0.0021141266769993325,0.07183388745949983
ABBV,2025-01-06,2.02,-0.00900901400556066,-0.05885603563294546,0.06550762669056305
ABBV,2024-12-13,5.02,-0.010670480753461825,0.027118621368923568,0.002758229084118543
ABBV,2024-10-30,2.02,0.07743424856826017,-0.19308412088290663,-0.13353611000310575
ABBV,2024-10-03,2.02,-0.017131747864094105,-0.03655748624987846,0.03808868321549255
ABBV,2024-09-10,other,-0.01527533333070532,-0.024496983446158086,-0.03825620473910525
ABBV,2024-07-25,2.02,0.04658455491654223,0.03285049730209326,0.03884095118333697
ABBV,2024-07-03,2.02,0.003107850654919234,0.029038212697922342,0.13400068599643306
ABBV,2024-04-26,2.02,-0.03934009603109873,-0.01713300259117169,-0.05168626472555059
ABBV,2024-04-03,2.02,-0.07069775730717336,-0.012086365429499113,-0.031041493612939675
ABBV,2024-02-26,8.01,0.004704862157232944,-0.0012182007480645253,-0.014884344201413692
ABBV,2024-02-20,5.02,-0.0132457815441227,0.014986374168834943,0.009627740058486368
ABBV,2024-02-12,7.01,-0.0023756495159851466,0.023950004881479928,0.027443422073168914
ABBV,2024-02-02,2.02,0.019425149007305482,0.028450311509279583,0.01615777159121009
ABBV,2024-01-05,2.02,-0.002270321197485811,0.034501657747918836,0.07091101246238887
ABBV,2023-12-06,7.01,0.023643340539051504,0.02431656184915172,0.09677766117781068
ABBV,2023-11-30,7.01,0.034016382644052934,0.07507338119599649,0.0773380316672534
ABBV,2023-10-27,2.02,-0.023372411330043922,-0.034464139295659335,-0.03720046747330418
ABBV,2023-10-12,5.02,0.00252090561002968,-0.01121918194173847,-0.0750184955711245
ABBV,2023-10-04,2.02,-0.0018674770142770543,0.017585160851720478,-0.025027985272370216
ABBV,2023-07-27,2.02,0.06237113447974829,0.01717466845890879,-0.002843970557164342
ABBV,2023-07-06,2.02,-0.011099823165485273,0.053381649032212417,0.10851873549044655
MRK,2026-05-28,other,-0.018905427034523005,0.014674022784098333,0.07584468582885145
MRK,2026-05-22,8.01,0.026883222394179996,-0.008292035566142025,-0.013273051697262603
MRK,2026-04-30,2.02,0.002564972322107565,-0.019161739924178158,0.009422678208790714
MRK,2026-02-03,2.02,0.04824040063480256,0.02572468712847724,0.013080420026191383
MRK,2025-12-04,8.01,-0.024586682841710953,0.030680614364879837,0.09658004078965063
MRK,2025-10-30,2.02,-0.002879993279303961,0.09069744161522883,0.21318498644542505
MRK,2025-09-09,8.01,0.0007993671833825952,-0.031195738024897817,0.07889137759620589
MRK,2025-07-29,2.02,-0.022462855793510733,-0.0037186831797752866,0.07206008682626666
MRK,2025-05-29,other,0.011126670550908404,0.0713038531439728,0.058077999916325576
MRK,2025-04-24,2.02,0.05482218937791913,-0.04824855323405128,-0.02604360802026496
MRK,2025-02-04,2.02,-0.10257282932253306,-0.039256243868665844,0.06675358158659842
MRK,2024-11-22,5.02,0.011524553366406173,0.022597621509876487,-0.010488559040567048
MRK,2024-10-31,2.02,-0.025834712863496246,-0.0448139663568916,-0.017066844134108666
MRK,2024-07-30,2.02,-0.12140787251828054,0.012157534178769656,0.012829801341296616
MRK,2024-05-30,8.01,-0.004744630565010347,0.015530680624095577,-0.02875473518530825
MRK,2024-04-25,2.02,0.0307897682675322,-0.01625785115985711,-0.015327559297419677
MRK,2024-02-20,5.02,0.0032318547990578274,-0.05011217370173559,-0.05741748544810206
MRK,2024-02-01,2.02,0.04001714029292713,-0.005183030470366891,-0.009831836590616448
MRK,2023-11-28,5.02,-0.002687732321131432,0.027159092510686655,0.06164112469676151
MRK,2023-10-26,2.02,-0.00428616709383884,-0.018952049627492827,-0.037471520613631036
MRK,2023-08-01,2.02,-0.006628045687697724,0.021446502361768222,0.018617275521249664
PFE,2026-06-18,7.01,-0.0360694391171256,-0.032609530117420724,-0.032609530117420724
PFE,2026-06-18,5.02,-0.0360694391171256,-0.032609530117420724,-0.032609530117420724
PFE,2026-05-05,2.02,-0.004045039158485061,-0.02297972182495222,-0.056551440745667654
PFE,2026-04-27,other,-0.019345534743294184,-0.036628466051283434,-0.05125204545913488
PFE,2026-02-03,2.02,0.01255211304524588,0.02358217266873292,-0.0010937226459850993
PFE,2025-12-16,7.01,-0.04736983562944936,-0.014517240829254867,0.017312028908846762
PFE,2025-11-21,8.01,0.02252296966854778,0.012355398461096536,-0.010578509714436853
PFE,2025-11-13,8.01,-0.02329404314927437,0.021844380242960478,0.030048200557740008
PFE,2025-11-04,2.02,0.0022091330834976552,0.06569715252156991,0.05796306206362756
PFE,2025-08-05,2.02,0.01922936536195024,0.05944085630824805,0.04469592056132099
PFE,2025-05-19,8.01,0.03262279399277002,-0.00064764672710391,0.03573450049531739
PFE,2025-04-29,2.02,0.05652330359352642,-0.056262720627601695,-0.043735382302673195
PFE,2025-04-28,other,0.03611931891901558,-0.020013612149764617,-0.0007083436154113887
PFE,2025-02-04,2.02,0.006429718049905584,-0.024735412769086175,-0.008884256649584766
PFE,2024-12-17,7.01,0.03644114736365852,0.03029185081519553,0.015628079517680454
PFE,2024-10-29,2.02,-0.011158621449173976,-0.073445363200854,-0.08695546428190393
PFE,2024-10-15,5.02,0.02170777426866673,-0.03789749154868541,-0.10774753959951973
PFE,2024-07-30,2.02,-0.00699291299634865,-0.04137789581088364,-0.04365726879837906
PFE,2024-07-26,5.02,0.03065008644238714,-0.054103918110024796,-0.04796881068934597
PFE,2024-07-10,5.02,0.0351520357516947,0.06502174121368148,0.06819104301118276
PFE,2024-07-01,5.02,-0.006492932507952081,0.0575219952169224,0.16183539579614686
PFE,2024-05-22,other,0.01331738228940705,0.015438775736805334,-0.01100383670392395
PFE,2024-05-01,2.02,0.08111339157888137,0.05344492135234121,0.0532286358678228
PFE,2024-04-29,other,0.015605786107762181,0.12324624211758975,0.1291725092202802
PFE,2024-01-30,2.02,-0.0030069157297989736,0.003993493165490591,0.01526575429706423
PFE,2024-01-10,8.01,-0.03218827452227402,-0.008970264822947164,0.008447769107185194
PFE,2023-12-14,2.02,0.003915342037788327,0.0973916842160808,0.1099427549632728
PFE,2023-12-13,7.01,-0.0904554069322185,0.11483589388559859,0.13883045081071746
PFE,2023-12-12,5.02,-0.07370960326158013,0.08599172058729362,0.10459411078639796
PFE,2023-10-31,2.02,-0.006255391753870031,-0.04261450174966563,-0.0062972913864450895
PFE,2023-10-13,2.02,0.011176727862508087,-0.05591741905619233,-0.08676971050527156
PFE,2023-08-01,2.02,-0.007753711061759802,0.02323832085638341,0.05150833013952155
PFE,2023-07-27,5.02,-0.018470750148468086,0.01742719977827756,0.05668086327791771
WMT,2026-06-05,other,0.0166109268168189,-0.03420654419369317,-0.08942372670872398
WMT,2026-05-21,2.02,-0.08469411381818699,-0.021542774450679307,-0.0499333218174
WMT,2026-04-30,8.01,0.025301577872496043,-0.0029076965487763147,-0.14609787252342032
WMT,2026-03-27,8.01,0.018272784130637838,-0.042299293364707086,-0.05126501539443064
WMT,2026-03-13,8.01,9.294479220073142e-05,-0.007523960944638516,-0.048922880918651976
WMT,2026-02-19,2.02,-0.032363113110566236,0.006914989589008533,0.003358063609461244
WMT,2026-01-16,5.02,0.00659113434188285,0.023090271818748655,0.06629570094758588
WMT,2026-01-08,5.02,0.01089782065612572,0.02594072363073066,0.12780245231060056
WMT,2025-12-29,8.01,0.0034208090271945542,0.06360260047975214,0.025326660935656803
WMT,2025-11-20,2.02,0.04996838742009701,0.058270046339677146,0.050622872184090506
WMT,2025-11-14,5.02,0.008653210765495101,0.06201915335452207,0.1029304315598308
WMT,2025-10-22,5.02,0.004066085164831161,-0.0638707745192577,-0.06569427438430793
WMT,2025-09-22,8.01,0.000801244100829037,-0.013179748239664866,0.022356700094582925
WMT,2025-09-19,8.01,-0.015270684752572887,-0.0172280738348835,0.03414694016149857
WMT,2025-09-05,8.01,0.01183302863751838,-0.023640435549804252,-0.04086272970618687
WMT,2025-08-21,2.02,-0.0651775624309572,0.028507508919904914,0.021692036951046833
WMT,2025-06-06,other,-0.015535498164099215,-0.0123274816569721,-0.057050891693705585
WMT,2025-05-15,2.02,0.003712201995365115,-0.0076295347264505355,-0.0793693294795058
WMT,2025-04-28,8.01,0.004051852717777885,-0.02649984127430819,-0.03811210487519249
WMT,2025-04-09,7.01,0.07785617578785223,0.02524129633201666,0.011879911207099164
WMT,2025-03-17,8.01,-0.00014064266997590794,0.009227467701432384,0.07836983786212752
WMT,2025-03-17,8.01,-0.00014064266997590794,0.009227467701432384,0.07836983786212752
WMT,2025-02-20,2.02,-0.08751637621081296,-0.0023369881767661416,-0.11270816010341296
WMT,2024-11-22,8.01,0.007330777592437374,0.02797170299300307,-0.021895739750651545
WMT,2024-11-19,2.02,0.03208895558710945,0.05715030260644729,0.04332027312506995
WMT,2024-10-18,7.01,-0.004342460935460491,0.011425549209020692,0.015175135600121044
WMT,2024-09-06,8.01,0.004822699496587349,0.00454083924634942,0.01833620184173761
WMT,2024-08-15,5.02,0.0646517793043472,0.028170931095828848,0.06926560680471028
WMT,2024-08-15,2.02,0.0646517793043472,0.028170931095828848,0.06926560680471028
WMT,2024-06-07,other,-0.004238483140543399,0.01842885684654358,0.020277922822660124
WMT,2024-05-16,2.02,0.07891897227583472,0.013408728479319,0.01746822648688704
WMT,2024-03-28,8.01,-0.012459127779766335,0.004672193506917723,0.0007123465988023636
WMT,2024-02-28,8.01,-0.018034012588536198,0.03577301575810091,0.020119828164111418
WMT,2024-02-23,other,0.019651043326654363,0.002207219347009941,0.007659977314750188
WMT,2024-02-20,2.02,0.020854656702145286,0.02772805166046604,0.03576200772424698
WMT,2024-01-31,7.01,0.01700325737564134,-0.006754854634188687,0.027378455378155284
WMT,2023-11-16,2.02,-0.08688949571764752,-0.01598926648019359,-0.035503952531963714
WMT,2023-08-22,7.01,-0.0016095614094657233,0.012467099604733873,0.02866858723603667
WMT,2023-08-17,2.02,-0.005028110138130582,0.010054077196238877,0.025381990933362773
WMT,2023-08-16,5.02,-0.014944332558217657,0.01450218195597366,0.036564397766399755
PG,2026-04-24,7.01,0.026437414734265866,-0.010629647827983852,-0.020879791885760668
PG,2026-04-24,2.02,0.026437414734265866,-0.010629647827983852,-0.020879791885760668
PG,2026-04-14,7.01,-0.0009602312342293657,0.0505346757118017,0.01817893895493363
PG,2026-01-22,7.01,0.035247503241442504,0.061916412341996144,0.07830199651770166
PG,2026-01-22,2.02,0.035247503241442504,0.061916412341996144,0.07830199651770166
PG,2026-01-13,7.01,0.022108090652073725,0.017573894238810565,0.10612236698592761
PG,2025-12-15,5.02,0.018385478086135307,-0.005219902628250452,0.015938374046927373
PG,2025-11-04,8.01,-0.012890305121085986,0.016577037355855063,0.013151215125584433
PG,2025-11-03,8.01,-0.01895946441864278,-0.003297017262799167,-0.0030088157083520382
PG,2025-10-24,7.01,0.0013218117067734618,-0.023909497236726324,0.010554240708303674
PG,2025-10-24,2.02,0.0013218117067734618,-0.023909497236726324,0.010554240708303674
PG,2025-10-16,5.02,0.027597069392975945,-0.0064522856147993905,-0.011990906691907686
PG,2025-10-14,7.01,-0.00027194752982908667,0.030724222400612424,0.016745832155677792
PG,2025-08-14,5.02,-0.005685684408245271,0.010403567092346768,0.02631261973868532
PG,2025-07-29,7.01,-0.02610423424369781,0.014455904669658359,0.0217850990987439
PG,2025-07-29,2.02,-0.02610423424369781,0.014455904669658359,0.0217850990987439
PG,2025-07-28,5.02,-0.009973297383858102,-0.00860722980389618,-0.0005112693838209281
PG,2025-07-08,7.01,-0.019408126830092118,0.01096569771212275,-0.03969897349549398
PG,2025-06-09,5.02,-0.007621955665335871,-0.014811237017116268,-0.03412435858220593
PG,2025-06-05,7.01,-0.011914831221920805,-0.02909107675690739,-0.023806088569834474
PG,2025-05-01,8.01,-0.012145412081530079,0.011394317128510814,0.05297439828569057
PG,2025-04-24,7.01,-0.026894238656550593,-0.01501730272112664,0.024915141863228765
PG,2025-04-24,2.02,-0.026894238656550593,-0.01501730272112664,0.024915141863228765
PG,2025-04-08,7.01,0.017290139158114774,0.020373235331522653,-0.022585880755665873
PG,2025-01-22,7.01,0.025893565864132113,0.017621981467311802,0.0012648835484223141
PG,2025-01-22,2.02,0.025893565864132113,0.017621981467311802,0.0012648835484223141
PG,2025-01-14,7.01,0.004299893178890266,0.04140221739154316,0.054398575003172536
PG,2024-10-24,8.01,-0.009389285372979658,-0.03555854230679743,0.014380284020614427
PG,2024-10-18,7.01,-0.011616751197216934,-0.031428789836386944,-0.01214404899374992
PG,2024-10-18,2.02,-0.011616751197216934,-0.031428789836386944,-0.01214404899374992
PG,2024-10-10,other,0.008670033109590768,-0.011212369016833649,-0.05868051457269441
PG,2024-10-08,7.01,0.009896144015389876,-0.0008770365917931923,-0.03338161723931812
PG,2024-07-30,7.01,-0.057200392097346564,0.04315801691163268,0.04501781241221522
PG,2024-07-30,2.02,-0.057200392097346564,0.04315801691163268,0.04501781241221522
PG,2024-07-09,7.01,-0.0019637197668589683,0.004671785347057223,0.025966236315318206
PG,2024-04-29,8.01,0.015995887878690423,0.0048037870596600645,-0.016575693226917067
PG,2024-04-19,7.01,0.020271929269674187,0.016063315521772842,0.023276247384614753
PG,2024-04-19,2.02,0.020271929269674187,0.016063315521772842,0.023276247384614753
PG,2024-04-09,5.02,0.01039107955548782,0.03799832841217914,0.05603383032419282
PG,2024-04-09,7.01,0.01039107955548782,0.03799832841217914,0.05603383032419282
PG,2024-01-29,8.01,0.006086924911920523,-0.009682269690758274,-6.135065320386681e-05
PG,2024-01-23,7.01,0.028031241388245913,0.038706620215683406,0.046159247897627695
PG,2024-01-23,2.02,0.028031241388245913,0.038706620215683406,0.046159247897627695
PG,2024-01-09,7.01,0.0075615337187913126,0.018000831309162225,0.05741917177602708
PG,2023-12-13,5.02,-0.014581096702149344,0.002673090874901488,0.03605528153626544
PG,2023-12-05,7.01,-0.03403198538254169,-0.020287791066012587,0.0027438336851822592
PG,2023-11-01,8.01,-0.0045560306057495,-0.0216746330334442,-0.016496378956819196
PG,2023-10-18,7.01,0.029555545373934414,0.008818281644533497,-0.013681209219838064
PG,2023-10-18,2.02,0.029555545373934414,0.008818281644533497,-0.013681209219838064
PG,2023-10-13,other,0.01533514127970191,0.0376052284482252,0.026996728542815627
PG,2023-10-10,7.01,-0.008020529179622867,0.061974534177391766,0.045910625393558335
PG,2023-07-28,7.01,0.021968702983627308,0.01772500370933354,0.0016890804027923615
PG,2023-07-28,2.02,0.021968702983627308,0.01772500370933354,0.0016890804027923615
PG,2023-07-11,7.01,-0.00650291085430324,0.03025210581085412,0.059777689784281586
KO,2026-06-25,5.02,0.022674743758108185,0.01809756168219797,0.01809756168219797
KO,2026-05-01,other,-0.008447081971853888,0.03190490627116829,0.0027025460653588816
KO,2026-04-28,2.02,0.04362527277662076,0.014968557646491083,0.03207176406385187
KO,2026-02-20,5.02,0.020412318428147003,-0.04587305544608983,-0.0698619469417099
KO,2026-02-10,2.02,0.007566532381083764,0.01889046142381296,-0.02012933341137518
KO,2026-01-14,5.02,-0.011944463420851623,0.03489791954105161,0.10282669727319119
KO,2025-12-10,5.02,-0.015718397416406953,0.008633783022617303,0.008347349259919411
KO,2025-10-21,2.02,0.035538811356086435,-0.029879592765159314,0.010269774757551649
KO,2025-10-16,5.02,0.02041854008436357,0.007957409134345332,0.03998935795791428
KO,2025-07-22,2.02,-0.014386968277647978,-0.0038493366966811165,0.006955156407554902
KO,2025-06-26,8.01,0.008065404804171387,-0.012794721703430819,-0.030171592554947183
KO,2025-05-02,other,0.00449302196252994,5.016197548113853e-05,-0.00800371526399819
KO,2025-04-29,2.02,0.00930322418270528,-0.054825312628525524,-0.030340962585941024
KO,2025-03-27,7.01,0.002550164546959192,-0.0016916677557914234,0.008362839242764007
KO,2025-02-11,2.02,0.06325023263810232,0.028758311627699835,0.01680877353709758
KO,2024-12-16,5.02,0.0038494597550423858,-0.01963552942200219,-0.02347022270641307
KO,2024-12-11,5.02,0.014035485449220517,-0.02279128215361429,-0.03865730015126309
KO,2024-10-23,2.02,-0.03283425057167577,-0.06627230564843924,-0.08840393283973894
KO,2024-10-17,5.02,-0.004725388358711362,-0.08314336227230924,-0.14335317812449502
KO,2024-08-21,5.02,0.0002926311893740412,0.028628097729969163,0.014442814273873963
KO,2024-08-15,8.01,0.0023737173914503036,0.03719811454013311,0.031756926218980935
KO,2024-08-14,8.01,-0.004155671506827806,0.04072795821542015,0.03261524940081697
KO,2024-08-09,8.01,-0.009733439331381832,0.006297125742161269,0.045242852583235085
KO,2024-07-23,5.02,0.024566675325383636,0.0472793095390084,0.04436112211251902
KO,2024-07-23,2.02,0.024566675325383636,0.0472793095390084,0.04436112211251902
KO,2024-05-14,8.01,-0.012532054413067062,-0.014444163613421823,-0.0003158526812914921
KO,2024-05-13,8.01,-0.0030656220815281745,-0.019431085364205774,0.009579383501278153
KO,2024-05-08,8.01,0.0029493587539128454,-0.00041012955467956526,0.019607053439248335
KO,2024-05-02,5.02,-0.0031454426578176606,0.01063356848259285,0.010818471772570766
KO,2024-04-30,2.02,0.006228480069115778,0.006524548713360655,-0.012970150769749484
KO,2024-02-13,2.02,-0.004924956875817929,0.014155201095606947,0.020256211840827827
KO,2023-10-24,2.02,0.04101876431746922,-0.00041361396471599823,-0.0007517515659993743
KO,2023-10-20,other,0.0019041721214376438,0.03288612659122018,0.024868843645506754
KO,2023-07-26,2.02,0.007055567439304371,-0.012118390579513487,-0.019340692022880385
KO,2023-07-19,5.02,0.03245449822578877,-0.0027011050314257636,-0.01288585628463638
PEP,2026-05-22,8.01,-0.022749255193274913,-0.03399896845072619,-0.0342682675805383
PEP,2026-05-08,other,-0.0466917579625533,-0.0012960921602468943,-0.06777947805777394
PEP,2026-04-16,2.02,0.01719395296101893,-0.0001589412325475846,-0.06911500330232236
PEP,2026-02-11,8.01,0.003988428123035183,0.0008961218906761142,-0.037802490278888184
PEP,2026-02-03,2.02,0.07197002828691992,-0.009147779152907152,-0.010413426922225898
PEP,2025-12-15,5.02,-0.0006233338191277971,-0.041944748373691124,-0.027251833771250025
PEP,2025-12-08,7.01,-0.0012496032313971464,0.019633314574407923,-0.047989516110502506
PEP,2025-10-09,2.02,0.08694405783996623,0.00969686231863996,-0.05038113615298891
PEP,2025-07-28,8.01,0.006073774645449193,0.01784121781482483,0.05079613488277585
PEP,2025-07-23,8.01,-0.009951336532509583,-0.015826240293989956,0.061590554766600046
PEP,2025-07-17,2.02,0.060267736171102156,-0.03017028561227728,0.050323299941454375
PEP,2025-07-17,8.01,0.060267736171102156,-0.03017028561227728,0.050323299941454375
PEP,2025-05-23,8.01,0.010191463976537798,0.008383821593998232,0.026612177275836615
PEP,2025-05-09,other,-0.0005020100329094952,-0.010380095857319934,0.008190789887535735
PEP,2025-04-24,2.02,-0.060655135227931714,-0.008798757816393174,-0.011851192922868273
PEP,2025-02-07,8.01,-0.005826918963266994,0.06942837066635678,0.10017262349637383
PEP,2025-02-04,2.02,-0.029338915220050325,0.0045536956903988015,0.06425838687751304
PEP,2024-12-11,5.02,-0.0057064115460041705,-0.04126948774577408,-0.09379409135562379
PEP,2024-10-08,2.02,0.029070263599565216,0.005032932989199866,-0.03689720566821848
PEP,2024-09-20,other,-0.01453487711227739,-0.02473234861595468,0.01415370405407972
PEP,2024-07-17,8.01,0.04272313325474346,0.0203420535429882,0.03723466749530376
PEP,2024-07-11,2.02,0.018956235950140954,0.04728921296370411,0.06603965533494625
PEP,2024-05-24,8.01,-0.035220450035381275,-0.036590125322919956,-0.03214808617359788
PEP,2024-05-03,5.02,-0.00589313076039646,0.03320449078563677,-0.01804593923329821
PEP,2024-04-23,2.02,0.00332823991597192,-7.07925578691572e-05,0.012809081830115343
PEP,2024-02-16,8.01,0.009490632471600606,-0.020691900690001368,0.017066351219945087
PEP,2024-02-09,2.02,-0.019495415660142262,-0.015004544386815236,-0.029516835826840046
PEP,2024-01-18,5.02,-0.010465477491374425,0.03308717080961606,0.005307339295898578
PEP,2023-11-13,8.01,0.0015046996554561416,0.0038639644845375244,0.007005351914285586
PEP,2023-11-06,5.02,0.001683272933455356,-0.01231312351922143,0.007768924542819267
PEP,2023-10-10,2.02,0.003999802418238472,0.0078101549420953095,0.024292086936710127
PEP,2023-07-13,2.02,0.024054197459242452,-0.0022819685315400226,-0.023017386274747986
COST,2026-05-28,2.02,-0.04801284271658385,0.022912883919916686,0.0009479573946360315
COST,2026-04-15,8.01,0.010366855221619306,0.008881782832882271,0.035506343510410224
COST,2026-03-05,2.02,0.0018049635763604764,-0.009266370419546135,0.03843276480113296
COST,2026-01-21,8.01,0.005986980102896569,0.011505922404562054,0.02918082902851015
COST,2025-12-11,2.02,0.016753152939881968,-0.01443706782110042,0.0660965231509035
COST,2025-10-20,5.02,-0.004377413475903265,-0.018367190728425523,-0.021684589396702484
COST,2025-10-15,8.01,-0.020669445728866094,-0.03585700673325688,-0.02998952268075117
COST,2025-09-25,2.02,-0.03158931400370169,0.022372129584110553,0.02191779280495572
COST,2025-08-07,5.02,0.007971018300069955,-0.01304173535987415,-0.033642949021014765
COST,2025-07-16,8.01,-0.020962307222041964,-0.03910649351138688,0.001367372242723118
COST,2025-06-11,5.02,-0.006341672042232723,-0.03480366275942964,-0.06509196704355907
COST,2025-05-29,2.02,0.02353985770304348,-0.05747333793739196,-0.09555848132055088
COST,2025-04-16,8.01,0.032535180385132395,-0.045710729363769236,-0.08179005434087307
COST,2025-03-06,2.02,-0.072920466687771,-0.06551202776260014,0.041589259162127336
COST,2025-02-03,5.02,0.041451575964769685,0.01642420404396173,0.0434787968878832
COST,2025-01-27,8.01,0.02347723386247269,0.09691654199501629,0.09860273602918547
COST,2024-12-12,2.02,-0.0027606369460306535,-0.049804157409127636,-0.06491688689945971
COST,2024-11-07,5.02,0.03600807236067274,0.010269028048837208,0.016539223167786242
COST,2024-10-17,8.01,-0.0030579813762351693,-0.0026196197477231474,0.006835020759493376
COST,2024-09-26,2.02,-0.0297667673048239,-0.008216013043355917,-0.0251284122132986
COST,2024-09-20,other,0.01501912065732659,-0.05302007241345677,-0.07398410050939279
COST,2024-07-10,8.01,-0.04958030327866938,-0.010741147023510393,-0.016197109912897023
COST,2024-05-30,2.02,0.0003240727337701071,0.013019046075040725,0.00300359585420892
COST,2024-04-10,8.01,0.01908585708326728,-0.0010572991222528754,0.026649789232399433
COST,2024-03-07,2.02,-0.0654547815838674,-0.002798218840090522,-0.04812242731707267
COST,2024-02-09,5.02,-0.007934184103024105,0.016101758552794717,-0.03971307811652411
COST,2024-01-22,8.01,-0.01609481939388183,0.015598064970490282,0.020210483893152182
COST,2023-12-14,2.02,0.024755395590529573,0.010698896324811021,0.0388474590159653
COST,2023-11-24,5.02,0.010770772002564865,0.01643338403199283,0.08746991641823809
COST,2023-10-20,5.02,-0.011989669865974769,-0.012863341318431004,-0.016207273597367417
COST,2023-09-26,2.02,0.02133992783516716,-0.017052710479865646,-0.012039245867179953
COST,2023-08-17,5.02,-0.018518237871545586,-0.01543242904738983,0.010727314031483548
COST,2023-08-10,8.01,0.006476192358084852,-0.035499806120934126,-0.014381046633668758
HD,2026-05-26,other,0.012272868164986094,0.04077948834062521,0.1188749855213696
HD,2026-05-19,2.02,0.034437522688472735,0.0017390142093373796,0.07735195405417662
HD,2026-02-24,2.02,-0.012391335509119208,-0.03336097591461598,-0.07893638957775283
HD,2025-11-24,8.01,0.009163830863524354,-0.012689004055467516,-0.014153537423540988
HD,2025-11-18,7.01,-0.06224562571261474,0.05334638392626627,0.07368431066898047
HD,2025-11-18,2.02,-0.06224562571261474,0.05334638392626627,0.07368431066898047
HD,2025-09-15,8.01,-0.0053648818044807,-0.04040309242249769,-0.10942565386740084
HD,2025-09-10,8.01,0.012878361319143106,-0.037092488320848105,-0.11259285005964301
HD,2025-08-19,2.02,0.02367237053451395,0.011779662920506435,0.027908179577673303
HD,2025-05-28,other,-0.005461074519151116,-0.03026316831955843,-0.037787480094945224
HD,2025-05-20,2.02,-0.010971907611792266,-0.011023036077837072,-0.07880881766965948
HD,2025-05-06,8.01,0.00493086993466702,0.0012228267380814482,-0.0172485109483654
HD,2025-02-25,2.02,0.02462303992858187,-0.008365755159693573,-0.048544590572609056
HD,2024-12-19,8.01,-0.011293603610501517,-0.013961873420299505,0.024883736514285743
HD,2024-11-12,2.02,0.006046647489050726,0.03641312760234527,0.0065618399103886844
HD,2024-08-13,2.02,0.00959255675939985,0.020728032923798625,0.03747571343456004
HD,2024-06-27,other,0.010464569811655349,0.020215171240626304,0.05376307635712666
HD,2024-06-25,8.01,-0.02963362610655456,-0.017208598419456614,0.04477400029305018
HD,2024-06-18,8.01,0.011838949092824357,-0.06637907538701063,0.027266653325629102
HD,2024-06-18,8.01,0.011838949092824357,-0.06637907538701063,0.027266653325629102
HD,2024-05-30,5.02,0.0319087013395677,0.011071187394213214,-0.004872630468471639
HD,2024-05-22,other,-0.017166808194039297,0.0052346865660677705,0.05799572206074033
HD,2024-05-14,2.02,0.005367333533153823,-0.05875020465407142,-0.02485335600902494
HD,2024-05-09,1.01,0.015296519294415313,-0.06691248840454192,-0.07426694037179907
HD,2024-03-28,1.01,-0.04505671632502544,-0.04993182310803777,-0.07020927190725981
HD,2024-02-20,2.02,0.009937760617678445,0.01870835563970858,0.007658556636459978
HD,2024-01-10,5.02,0.025498260724258603,-0.03592064662808947,-0.01652774623467674
HD,2023-12-05,8.01,0.01186526598379404,0.03668467615600002,0.019729216123990555
HD,2023-11-28,8.01,0.008113240721241012,0.05515773728370978,0.07776135635639478
HD,2023-11-14,2.02,0.04858006875383777,0.009287621211694502,0.0795374318547315
HD,2023-10-30,5.02,0.010588505434267693,-0.040075060312688156,0.013017786992532785
HD,2023-08-15,2.02,0.029797008063334206,-0.03305620439555338,-0.029901809593288906
MCD,2026-05-22,other,-0.01844442303439179,0.00511172475823674,-0.014326248125310886
MCD,2026-05-07,2.02,-0.02976304683373008,0.030640385092867994,0.024275803237066768
MCD,2026-02-11,2.02,0.021323632022382424,0.005765478297331181,-0.015316920158576146
MCD,2026-02-10,5.02,-0.006979941856561002,0.02983020329741377,0.015522838541331255
MCD,2025-11-05,2.02,-0.0008519176033990675,0.01648123376758926,0.03548482835876607
MCD,2025-08-27,8.01,-0.004054929975015177,-0.011216573454290875,-0.03405946789496943
MCD,2025-08-06,2.02,0.0283166090075427,0.011890220789457846,0.02282089895990204
MCD,2025-05-23,other,-0.0032661409920009222,-0.03857396416883926,-0.09526976982700729
MCD,2025-05-01,2.02,-0.03153548198802881,-0.008654775432658812,-0.016214657700115986
MCD,2025-03-11,5.02,-0.05600382358856398,0.015662134018564394,0.03933137876003537
MCD,2025-03-04,8.01,0.010912746616961955,0.0011957447587803622,0.034498047072023
MCD,2025-02-14,5.02,-0.017335055400346647,0.02090407114759399,0.03239600045231311
MCD,2025-02-10,2.02,0.05176174430657997,0.009101609420751996,0.025819081120310786
MCD,2025-01-17,5.02,0.004549371611704904,0.03027075658559847,0.07564787095283403
MCD,2024-10-29,2.02,-0.017979297546062672,0.011421231430923084,-0.0013657586123910223
MCD,2024-07-29,2.02,0.06024762563261111,0.026532469260108084,0.08116623673389689
MCD,2024-07-26,5.02,0.03589600479942656,0.04269013577089091,0.10533224366058433
MCD,2024-05-24,other,-0.01972682783420662,0.007202093794166227,0.01623978444152769
MCD,2024-05-20,8.01,-0.024560364838819335,0.0042032583537695185,-0.05431908220032491
MCD,2024-04-30,2.02,0.014122693450273487,-0.029875115609181324,-0.10691314741381326
MCD,2024-03-19,5.02,0.01352922643819093,-0.0292275043704934,-0.02869295826364678
MCD,2024-03-13,5.02,-0.0407016192298437,-0.007551235082790391,-0.04915278426282129
MCD,2024-02-16,5.02,0.007755088165510245,-0.017666857507805323,-0.06424064914180645
MCD,2024-02-05,2.02,-0.04202248760888526,0.022938966109309667,0.01537262335190275
MCD,2023-12-06,7.01,-0.0005136461327524574,-0.002921802962344386,-0.0003363996837955699
MCD,2023-10-30,2.02,0.018684461322080393,0.009784870299833742,0.047103558444956936
MCD,2023-08-24,5.02,0.011910198118583945,-0.022613025492640458,-0.03740862019052899
MCD,2023-08-15,8.01,-0.004036994306650735,-0.020080098958143132,-0.022661200463304075
MCD,2023-07-27,2.02,0.005570160166386706,-0.014702960046857984,-0.028127668634923372
NKE,2026-06-30,2.02,0.037938649066988496,0.027308390861147586,0.027308390861147586
NKE,2026-06-23,2.02,-0.01523020399817815,0.05212835121398543,0.05212835121398543
NKE,2026-06-18,5.02,-0.02392561074813136,0.03748433541679616,0.03748433541679616
NKE,2026-03-31,2.02,-0.1638238634095482,-0.04733770526657235,-0.08062046603177832
NKE,2026-03-09,1.01,-0.021321716787540114,-0.015140496146239338,-0.2038604570086172
NKE,2026-03-05,other,-0.004369509061389732,-0.029122690904241213,-0.1863287816524693
NKE,2025-12-18,2.02,-0.12124174090861259,0.09608015268433895,0.10941836482299404
NKE,2025-12-02,5.02,0.0007481480428737034,0.04208431911661621,0.001959623246775642
NKE,2025-09-30,2.02,0.06149309966932974,-0.07348734826800979,-0.10297490223498391
NKE,2025-09-11,5.02,-0.023256195393062763,-0.05084255812087857,-0.07786175431686473
NKE,2025-07-28,8.01,0.03189213823204191,-0.04932145282776158,0.01786739049058195
NKE,2025-06-26,2.02,0.17176426435463255,0.013703833431821372,0.06156982881558706
NKE,2025-06-25,7.01,0.014951008811741075,0.18694047439317274,0.2066311827045372
NKE,2025-06-18,5.02,0.0025145833787676014,0.22865482766887535,0.19259245955824034
NKE,2025-05-05,5.02,-0.010662088472928127,0.05499620975646114,0.08853463521096896
NKE,2025-03-20,2.02,-0.06588296273415743,-0.14820547413923874,-0.11262678637929899
NKE,2025-03-10,1.01,-0.03589005220687143,-0.09874486046779969,-0.19686041522659828
NKE,2024-12-19,2.02,-0.002001413819674667,-0.04730089882466286,-0.0053403148969642725
NKE,2024-10-01,2.02,-0.04882544012868247,-0.016094409453186326,-0.05079339308740345
NKE,2024-09-20,other,0.06630899070138688,-0.039030561137523345,-0.03659268593358331
NKE,2024-09-19,5.02,0.058224227220762995,-0.0381203130272221,-0.03225458214074591
NKE,2024-09-13,other,0.014907062200940364,0.11357239365939797,0.033369043630918895
NKE,2024-06-27,2.02,-0.1937328942685115,-0.03491166675167047,-0.008909678141586223
NKE,2024-06-05,5.02,0.0032379141198461744,-0.00930873602963693,-0.22479106652787306
NKE,2024-03-21,2.02,-0.06207296279953648,-0.03687784921015965,0.08348234396845511
NKE,2024-03-11,1.01,0.0036439204510146823,-0.05861829038431702,-0.07147460247383794
NKE,2023-12-21,2.02,-0.11850517417622791,-0.034367290240933525,-0.061472127883019735
NKE,2023-09-28,2.02,0.06654430409954641,0.026418699210618096,0.1046197658605216
NKE,2023-09-15,other,-0.0017132583648174042,0.05529296716806344,0.09237323044741842
XOM,2026-07-01,5.02,-0.0021812419359673587,,
XOM,2026-05-29,other,0.013756723287586562,-0.04130833218457765,-0.13913115328640346
XOM,2026-05-04,5.02,0.009888959113637984,0.026975854212767665,-0.06141272362608062
XOM,2026-05-01,2.02,-0.008292898828735627,0.01846252399793713,-0.055185991060136774
XOM,2026-04-08,7.01,-0.06941847430950679,-0.06504538095862997,-0.0949461162457089
XOM,2026-03-31,8.01,-0.08438213461002103,-0.11799533573780283,-0.09682484558696268
XOM,2026-02-20,5.02,-0.0006040905030707568,0.00520787711120786,0.07086884965428865
XOM,2026-01-30,2.02,-0.016621558958006176,0.08645666749227833,0.11913127922890454
XOM,2026-01-07,7.01,0.0174495750315142,0.0829506107118203,0.18011825719778018
XOM,2025-12-09,5.02,0.027245218314126154,-0.0027598538925688518,0.0261599152919313
XOM,2025-11-18,8.01,0.000618699730413258,-0.009283025549187321,0.0023075327034552014
XOM,2025-11-13,8.01,0.028443963782099946,-0.034088659195145414,-0.0037080628812675774
XOM,2025-11-03,5.02,0.003990130842686581,0.05010644637914252,0.021195819844350396
XOM,2025-10-31,2.02,-0.010157722740960391,0.06840464769088367,0.04294228679019096
XOM,2025-10-06,7.01,0.010091764479156141,-0.009898607445561784,-0.0036288124605705465
XOM,2025-08-01,2.02,-0.03725927899864722,-0.005732176801787989,0.0675757203163747
XOM,2025-07-07,7.01,0.023071045170966725,-0.05713142080589682,-0.060141413159689225
XOM,2025-05-30,other,0.0018062948534776071,0.08421589670076983,0.02998703920344276
XOM,2025-05-02,2.02,-0.02595049430570551,0.042996343642209535,-0.006669063128479984
XOM,2025-04-03,7.01,-0.0970786883766002,0.020811405435115747,0.00117856453502408
XOM,2025-04-03,5.02,-0.0970786883766002,0.020811405435115747,0.00117856453502408
XOM,2025-04-01,8.01,-0.0039377921584997045,-0.12048513661454995,-0.10029620571677411
XOM,2025-01-31,2.02,-0.02056367090638245,0.015460582034827882,0.018763765438818376
XOM,2025-01-07,7.01,-0.006443821737865795,0.018460604970478585,-0.00045941810711105403
XOM,2024-11-12,8.01,0.007420636426636269,-0.027876624527865667,-0.08919632070541358
XOM,2024-11-01,2.02,0.014811323702733054,0.0044764730112043585,-0.017984019493678977
XOM,2024-10-18,5.02,-0.0027803795825548272,-0.0372332352958092,0.002173400619363098
XOM,2024-10-08,8.01,-0.03018722334860274,-0.01455139711206931,-0.0270371552337398
XOM,2024-10-03,7.01,0.025387249748700894,-0.03978382687423031,-0.06534156124679116
XOM,2024-08-02,2.02,-0.008597072911361357,0.019290771371062596,0.011571799409565778
XOM,2024-07-08,7.01,-0.022884823616997993,0.035754949870452066,0.04487453136519558
XOM,2024-05-31,5.02,0.0013654494577203559,-0.05860233895565979,-0.012558008458273616
XOM,2024-05-10,8.01,-0.006008832147116318,-0.03937913853368457,-0.05009126604748643
XOM,2024-05-03,5.02,-0.002605392270025095,0.022083083093089945,-0.02494691430893519
XOM,2024-04-26,2.02,-0.017808375017356978,-0.019314892865629176,-0.05359940152309115
XOM,2024-04-03,7.01,0.009478612891444471,0.006780418141314422,-0.008172685457357276
XOM,2024-02-28,5.02,0.004687604789036797,0.044279890445590525,0.08992409667491692
XOM,2024-02-02,2.02,-0.011200137662634373,0.027147691170956452,0.023621599841260166
XOM,2024-01-04,7.01,-0.003956911563992836,-0.06969477986738586,-0.028051815462371017
XOM,2023-12-06,8.01,-0.022342292029394018,0.013971421625745623,0.028204579424736118
XOM,2023-11-15,8.01,-0.01942716819367659,-0.004051195160121337,-0.03480333548157358
XOM,2023-11-07,5.02,-0.029782903455432073,0.002721292632728318,-0.0488470207122786
XOM,2023-11-02,7.01,0.002181469352201492,-0.06359810282342108,-0.07002567259748252
XOM,2023-10-27,2.02,-0.02161531889074203,-0.06250308581910763,-0.0752791722315215
XOM,2023-10-20,8.01,-0.022574615305148298,-0.038682877912927294,-0.08152125134287475
XOM,2023-10-11,1.01,-0.03537670994711107,0.04292577223991777,-0.04432342524212832
XOM,2023-10-04,7.01,-0.06543858033674652,0.02445525267572842,-0.035095075124176985
XOM,2023-07-28,2.02,0.008148441097201455,0.05652357312941381,0.03660539453051816
XOM,2023-07-13,8.01,-0.05958005754782235,0.031453011380689136,0.0783697229326944
XOM,2023-07-05,7.01,-0.0372916252648118,-0.04463641358390373,-0.008525564833307919
CVX,2026-05-29,other,0.012718357074831002,-0.013134836119654573,-0.13525497539359713
CVX,2026-05-29,5.02,0.012718357074831002,-0.013134836119654573,-0.13525497539359713
CVX,2026-05-01,2.02,-0.008832390657179518,-0.02322391344736477,-0.060311895807763596
CVX,2026-04-09,2.02,-0.027062819482661378,-0.03406026568519378,-0.08591549937507842
CVX,2026-03-25,other,0.01302896491141752,-0.12370384542070428,-0.16768603806472787
CVX,2026-01-30,5.02,0.016286418831759655,0.0708600477908439,0.11028405094199391
CVX,2026-01-30,2.02,0.016286418831759655,0.0708600477908439,0.11028405094199391
CVX,2026-01-27,5.02,0.012559936468135292,0.0777438866902591,0.10139057054739202
CVX,2025-12-09,8.01,0.014514449790628253,-0.006894332708316766,0.052065301097488484
CVX,2025-12-05,8.01,-0.02211085721259455,-0.0022964089132650163,0.04999870303703849
CVX,2025-11-03,5.02,-0.020617602731186097,0.0202638018172671,-0.013245147924460056
CVX,2025-10-31,2.02,0.0006562262220153638,0.034606210607288516,0.0051713602968672095
CVX,2025-09-25,7.01,0.005105183520653563,-0.06508534099607428,-0.035300416761641015
CVX,2025-08-13,8.01,0.0024368244043910204,0.03617633914647751,0.019856639661129986
CVX,2025-08-01,2.02,-0.0021434858615495024,0.02691901859698489,0.06702755060823398
CVX,2025-07-29,5.02,-0.01348211801174767,0.0016928160236876389,0.03465564401897236
CVX,2025-07-18,8.01,-0.011410886692000735,0.022759721417412726,0.035849194106928
CVX,2025-05-30,other,-0.002257819483327211,0.05803764811818557,0.020863001412173513
CVX,2025-05-02,2.02,-0.008814321786088136,0.02742586310632336,0.008008147542525539
CVX,2025-03-17,8.01,0.02537920814146328,0.0405173033512007,-0.14873577916372266
CVX,2025-02-26,8.01,0.006924109616561241,-0.00925838011097949,0.07979561257255158
CVX,2025-01-31,5.02,-0.03890731699815919,0.045244281114288264,0.052730067477009326
CVX,2025-01-31,2.02,-0.03890731699815919,0.045244281114288264,0.052730067477009326
CVX,2024-12-10,other,-0.007655435768050352,-0.07896524699133632,-0.0009587233157262211
CVX,2024-11-01,2.02,0.034007241306897876,0.03796063868948033,0.042460345045852714
CVX,2024-10-07,8.01,-0.011507941056409086,0.014442447060457128,0.05583756393517308
CVX,2024-09-30,8.01,0.03241728347881945,0.01012156553367885,0.01309945127390903
CVX,2024-08-02,5.02,-0.03579816082018758,-0.004653454623195193,0.007207970248783803
CVX,2024-08-02,2.02,-0.03579816082018758,-0.004653454623195193,0.007207970248783803
CVX,2024-07-31,8.01,-0.04361414531111445,-0.05155141725225164,-0.03842554078010138
CVX,2024-05-31,other,-0.008520739306369308,-0.04356567067014204,-0.021383005813697405
CVX,2024-04-26,2.02,0.0015833602511063827,-0.007072621617905616,-0.048792437780749265
CVX,2024-02-02,5.02,0.026932565174586663,0.02309059821366915,-0.024253818386477742
CVX,2024-02-02,2.02,0.026932565174586663,0.02309059821366915,-0.024253818386477742
CVX,2024-01-02,2.02,0.03145086823029036,-0.05522544944683511,-0.025866733711283646
CVX,2023-12-08,8.01,0.010498954276341146,0.03722055612609989,0.010942290679782835
CVX,2023-10-27,2.02,-0.05935548724898619,-0.05651244562952183,-0.053029306388395946
CVX,2023-10-23,1.01,-0.064940200052468,-0.07555451351853669,-0.10592854063637212
CVX,2023-10-23,8.01,-0.064940200052468,-0.07555451351853669,-0.10592854063637212
CVX,2023-08-07,8.01,-0.001038221476258548,0.029585272533187195,0.05093906080529047
CVX,2023-07-28,2.02,0.01645559573528304,0.021855371470421818,0.0090009399519471
CVX,2023-07-26,5.02,-0.01338578184483824,0.011820247228325906,0.021826772174538288
CVX,2023-07-24,2.02,0.01876172436712358,-0.009664591828949937,0.020774091557352423
CAT,2026-06-11,7.01,0.02130299992884697,0.09565610616380282,0.019332890169362228
CAT,2026-04-30,2.02,0.07370715633675316,-0.04496146360943906,-0.13594114202719026
CAT,2026-04-13,8.01,-0.03151109357456913,-0.018640357351141015,0.02742913857875682
CAT,2026-04-10,5.02,-0.01178281882958404,-0.026817492198642448,-0.014492470855484822
CAT,2026-03-26,8.01,0.003099752316778715,0.026850333471242476,-0.0061040702037929925
CAT,2026-01-29,2.02,0.025633016691483594,0.155230390988909,0.11616813169293713
CAT,2026-01-06,5.02,-0.037527421421299376,0.07417809921275073,0.129034753447378
CAT,2025-10-29,2.02,0.12356992501563138,-0.024311380404545405,-0.0193750173218029
CAT,2025-09-03,1.01,-0.006276696946704772,0.049607600734156376,0.09236447589445104
CAT,2025-08-28,8.01,-0.02942797983689003,0.004401302688695206,0.06689651930947743
CAT,2025-08-05,2.02,-0.017069650048494554,-0.04089335437871161,-0.05068416317949288
CAT,2025-06-12,7.01,-0.008918643669006089,0.03939744858206655,0.07562793627454795
CAT,2025-05-15,8.01,0.0009300698340112389,0.0012661651573355626,0.022323864036055782
CAT,2025-04-30,2.02,0.014077711623153369,0.05763074359199979,0.0654030832983711
CAT,2025-04-15,5.02,0.003293308388546412,0.01406097991736081,0.07901306725983066
CAT,2025-04-09,5.02,-0.009136359397861935,0.022939867062414077,0.04683537349809304
CAT,2025-01-30,2.02,-0.0556128167784162,-0.06260463094094543,-0.0578831620856099
CAT,2024-10-30,2.02,-0.0028259632015378844,-0.035354333066532004,-0.004248096392171682
CAT,2024-10-11,2.02,-0.023340081008273696,-0.0036078815887934856,-0.01771281207052975
CAT,2024-09-04,1.01,-0.014140312089085002,0.03856703445633139,0.1270112523286618
CAT,2024-08-06,2.02,0.026087993004356554,-0.03528631805132505,-0.03287880429064452
CAT,2024-06-14,7.01,-0.024264664775463574,0.014006326951302939,0.05546725029806058
CAT,2024-04-25,2.02,-0.06317314963015902,-0.011609339860885606,-0.03691897457182717
CAT,2024-04-03,5.02,0.026977963045385064,-0.005316850648527171,-0.08270252070807789
CAT,2024-02-05,2.02,0.024912475055240735,-0.034821287572206705,0.00015614718374561219
CAT,2023-12-14,8.01,0.06484334138069724,0.022550259657336827,-0.0034814152781305696
CAT,2023-10-31,2.02,-0.05765760923586236,0.007297555113134322,-0.004562478927799219
CAT,2023-10-16,5.02,0.005472276063990024,-0.07947976209998475,-0.1431351789350539
CAT,2023-09-01,1.01,0.0013671726736201179,-0.007081109765273245,-0.0195529534739465
CAT,2023-08-09,5.02,0.007157447457498295,-0.042461896291954224,-0.027110859507512863
CAT,2023-08-01,2.02,0.09940727442898563,-0.02698671653964553,-0.03901903702847178
BA,2026-04-22,2.02,0.06193749139811215,-0.04910634929005012,-0.09051136995654603
BA,2026-04-17,other,0.01878674638448901,-0.00563258233645097,-0.059471140681819634
BA,2026-01-27,2.02,-0.033210964313851704,0.00770760265666013,-0.04821272476607197
BA,2025-12-08,7.01,-0.003497095805881513,0.06758087440998702,0.10538261167878112
BA,2025-12-03,5.02,-0.023398314272494156,0.03954034678066562,0.10944723376273299
BA,2025-10-29,2.02,-0.09708397891391984,-0.03775907601453297,-0.08593291503971419
BA,2025-08-28,1.01,-0.0025861589825110108,-0.11023710013135064,-0.10275047269531688
BA,2025-07-29,2.02,-0.040451592004647874,0.013593750607256552,0.018733295037347594
BA,2025-07-03,5.02,0.029677752749233288,0.03249594462146008,0.008221145969339233
BA,2025-06-04,1.01,-0.01448900286749204,-0.061398463750022184,-0.02656258240583114
BA,2025-04-24,other,0.006539257262398124,0.051964425191257574,0.08330850882497888
BA,2025-04-24,1.01,0.006539257262398124,0.051964425191257574,0.08330850882497888
BA,2025-04-23,2.02,0.050709280123820644,0.02947945479020448,0.08846630482792658
BA,2025-02-25,5.02,-0.032986493505134336,-0.05123915685806099,0.10334004748934289
BA,2025-01-28,2.02,-0.008935330187133841,0.045444000638843414,0.028800333322993275
BA,2025-01-23,other,0.008103939892655874,0.062485360084654676,0.0404188391357177
BA,2024-11-18,5.02,0.035861483768017975,0.06366278212725793,0.19589695254322465
BA,2024-10-31,1.01,0.020352170469925525,-0.12695351884772604,-0.001251335462268112
BA,2024-10-30,1.01,-0.00013466113890948407,-0.08848658055085509,0.014706396663120565
BA,2024-10-23,2.02,-0.019811902207786555,-0.05411088185350765,-0.041655184950589626
BA,2024-10-15,1.01,0.0455797474940144,0.003895222650962331,-0.05361096336209731
BA,2024-10-11,2.02,0.006639008490852093,0.06307346928851748,0.02914716347935422
BA,2024-09-20,5.02,0.01334815498703525,0.0008018868149425561,0.00016750821649122883
BA,2024-09-13,8.01,-0.04678554639946536,0.004682964287847882,-0.024004056931610285
BA,2024-07-31,5.02,-0.04298526811007605,-0.042510528942757926,-0.030720620776179847
BA,2024-07-31,2.02,-0.04298526811007605,-0.042510528942757926,-0.030720620776179847
BA,2024-07-01,1.01,0.015417949363775746,-0.003915623382176457,0.04218467536899642
BA,2024-05-17,1.01,0.0205915632504214,0.007851761911449005,-0.03760458785221343
BA,2024-05-17,other,0.0205915632504214,0.007851761911449005,-0.03760458785221343
BA,2024-05-03,1.01,-0.016596428861701974,0.028755884353402154,0.042392595595169696
BA,2024-04-24,2.02,-0.008978346034472135,0.06993760977779633,0.09553450053316234
BA,2024-03-25,5.02,-0.0020456592908013847,-0.045526092876801996,-0.06974505235227461
BA,2024-01-31,2.02,0.05003723265116518,-0.052547512495017726,-0.07244452869775304
BA,2023-12-11,5.02,0.007464491662765719,0.027350179562667498,-0.11193191896483044
BA,2023-10-25,2.02,0.005543958603148609,0.005429042185869181,0.09672389924452693
BA,2023-09-05,other,-0.015638881059371872,-0.07095630005756896,-0.1120568696372852
BA,2023-08-24,1.01,-0.016568240432150307,-0.07894526322956028,-0.12512727087740586
BA,2023-07-26,2.02,0.09641483859287918,0.02635294292561219,-0.014999557781797568
GE,2026-06-25,other,0.016515762544176193,-0.005439218784636348,-0.005439218784636348
GE,2026-06-11,5.02,0.023477754904280536,0.11701607728481533,0.11313066103824315
GE,2026-05-07,5.02,-0.036295945330561304,0.00204616795409674,0.08699627232894355
GE,2026-04-21,2.02,-0.09798632385079514,0.009558979696041112,-0.01773580209528018
GE,2026-01-22,2.02,-0.08696321420864744,0.04569299556654351,0.12602871209355082
GE,2026-01-15,5.02,0.014151091048961445,-0.06926160688282512,-0.04144686856657511
GE,2025-10-21,2.02,-0.01260641987870462,-0.002910433837020405,-0.019565463260304894
GE,2025-10-01,5.02,-0.011980326381149278,-0.0020415154033376244,-0.002736172069790689
GE,2025-07-29,8.01,0.012716825914937101,-0.003526203130017138,-0.03988455661083856
GE,2025-07-24,8.01,0.024024021616024606,-0.0007304311698624608,-0.030468315536373435
GE,2025-07-17,2.02,-0.019665603839294443,0.00883947791986707,-0.032505997549480914
GE,2025-05-09,other,-0.01771727458051274,0.06750424274532589,0.10088944206967407
GE,2025-04-22,2.02,0.03182330615086995,0.014371474719337727,0.054098064965070906
GE,2025-01-23,2.02,0.0404858566019442,0.04029682083462582,0.012361214749014988
GE,2024-10-22,2.02,-0.05395409341442021,-0.05026300659589911,-0.08402371970104494
GE,2024-07-23,2.02,0.024965384048870352,0.026739763211490828,-0.02458067738286731
GE,2024-07-01,5.02,0.0016425176369655285,-0.038996326388005154,0.020458056496478392
GE,2024-06-21,7.01,-0.02576966990872611,-0.024627334054954358,-0.04430841702447197
GE,2024-05-10,other,-0.053781857513663295,0.013832605123317441,-0.04464391964712567
GE,2024-04-23,2.02,0.04740139873848595,0.023180055879619726,-0.06453753200695397
GE,2024-04-11,7.01,-0.007637303427520007,0.04691525668241657,0.03795610464518317
GE,2024-04-08,5.02,-0.016352034185705928,-0.0010104767331643727,0.0663451750512937
GE,2024-04-02,1.01,0.04473806823649053,0.09628312960470552,0.1225449278818088
GE,2024-03-07,8.01,0.046677154952741814,0.018773780987076372,0.12256958412374812
GE,2024-02-29,other,0.005019316993479841,0.037014840947716274,0.06060752738304305
GE,2024-02-29,8.01,0.005019316993479841,0.037014840947716274,0.06060752738304305
GE,2024-01-23,2.02,-0.016123076327381584,0.030055169402577936,0.09178636326021983
GE,2023-11-14,5.02,-0.016136218005334657,-0.003730819261481411,-0.032725514720287764
GE,2023-10-24,2.02,0.044121395781792055,-0.05217695668209262,-0.03612048966830974
GE,2023-07-25,8.01,0.034093799135747685,-0.01996563313997495,-0.040681226278580486
GE,2023-07-25,2.02,0.034093799135747685,-0.01996563313997495,-0.040681226278580486
HON,2026-06-29,2.02,-0.05360057936126374,0.029265019765063828,0.029265019765063828
HON,2026-06-15,5.02,0.033776411528314995,-0.01801396851989597,0.01186411224252839
HON,2026-06-05,8.01,-0.00847956171465843,0.07506094702574097,0.0879435014069404
HON,2026-06-02,5.02,-0.051368397101421395,0.03947108944056506,0.013502339590121827
HON,2026-05-27,other,0.0027491041215131034,-0.08823464372592074,0.025413157303496952
HON,2026-04-23,8.01,-0.034485815325493836,-0.006381242131429589,0.02163269226646873
HON,2026-04-23,2.02,-0.034485815325493836,-0.006381242131429589,0.02163269226646873
HON,2026-03-23,8.01,-0.006224518446151775,-0.00020108780500740012,-0.06448177003589223
HON,2026-03-16,8.01,-0.024334938974446725,0.010699183880696512,-0.02739820423720847
HON,2026-03-06,1.01,4.081459360158815e-06,-0.03657733013619663,-0.021833097927608326
HON,2026-03-03,7.01,-0.006871187432063051,-0.043284315616428905,-0.044184440419990395
HON,2026-02-17,7.01,-0.006642895699817757,0.021983335730379888,-0.02013578718109022
HON,2026-01-29,2.02,0.05523875205745415,0.07052916403738047,0.09177061185907096
HON,2025-12-22,2.02,-0.024956800513096948,0.02651727805107165,0.14546018853999126
HON,2025-12-10,5.02,0.013602425625123881,0.01820613182504823,0.07355525834399253
HON,2025-11-03,5.02,-0.015576770947950595,0.019401280979472364,-0.010163345976214697
HON,2025-10-30,8.01,0.010016219981017607,0.007099395362109491,-0.03585747561282536
HON,2025-10-23,2.02,0.03764565809924357,-0.025672908107238504,-0.032450185337241415
HON,2025-10-22,8.01,0.056790185479529076,-0.05542415183026923,-0.05900022527666429
HON,2025-10-16,5.02,0.004018742645959697,0.03336381816668154,0.045789104770169856
HON,2025-10-01,7.01,-0.0011358727496536781,-0.03509927387588102,-0.00828783736436209
HON,2025-10-01,8.01,-0.0011358727496536781,-0.03509927387588102,-0.00828783736436209
HON,2025-08-22,5.02,0.005957055879615035,-0.03577638620004351,-0.08784901578832836
HON,2025-08-21,7.01,0.016974948897998794,-0.04522297595783204,-0.09425878098244483
HON,2025-07-30,other,0.006003665356844776,-0.02976272017476129,-0.022438448443236822
HON,2025-07-24,2.02,-0.06625254628450544,-0.0281892370994477,-0.022332875860244874
HON,2025-06-24,7.01,-0.022069750280301132,0.05275389499043254,0.04240174539150998
HON,2025-05-28,5.02,-0.004192741105077398,-0.010968459154588031,-0.0229937464405193
HON,2025-05-23,other,0.0025685626720051025,-0.0070505313774191945,-0.028596189483100186
HON,2025-05-08,1.01,-0.011115626532615878,0.03259564795593459,0.03762744731924315
HON,2025-04-29,2.02,0.04531895825618196,0.005399982038539293,0.036450723658073426
HON,2025-04-08,5.02,0.018079603952247166,0.0012843348980042437,0.06037420892397874
HON,2025-04-01,5.02,0.014862347441281069,-0.053478704364706704,-0.011953138552644925
HON,2025-03-17,1.01,0.003369267583957508,0.01073315896505327,-0.018801033259350976
HON,2025-02-18,5.02,0.035823052284833096,0.027296527800558655,0.05071405988018857
HON,2025-02-06,2.02,-0.0736302904352658,0.030513319672331132,0.07221408503777445
HON,2024-12-02,7.01,-0.02651769777391301,0.03980122298824311,0.01640813177078998
HON,2024-10-24,2.02,-0.057228415516788894,0.02886018332571305,0.07652089398161051
HON,2024-10-08,7.01,0.0405458487381098,0.034991030640652926,-0.01725372858864176
HON,2024-09-05,5.02,-0.023451852199636317,-0.008137019605879484,-0.00982658370596562
HON,2024-08-12,1.01,-0.018991856112601145,0.018833097094978324,0.020631904472111946
HON,2024-08-02,other,0.008511788607589138,-0.04688730929250195,-0.011315979507950422
HON,2024-07-25,2.02,-0.05451177801968363,0.005754498794728119,-0.016537635190762127
HON,2024-07-10,2.02,0.020183823809585645,0.017386985550356813,-0.024711262399651428
HON,2024-07-02,1.01,0.0006186014105167446,0.0340466820066038,-0.024294550402995396
HON,2024-06-11,8.01,-0.01725950308191512,0.01949567784605883,0.016419778702599825
HON,2024-06-03,2.02,0.02465115491301162,0.0036232925564684323,0.010649520629428526
HON,2024-05-16,other,0.011927855317948356,-0.008879143964871536,0.006944398632573668
HON,2024-04-25,8.01,-0.010347635504547939,0.022779286678948976,0.019138641206614765
HON,2024-04-25,2.02,-0.010347635504547939,0.022779286678948976,0.019138641206614765
HON,2024-03-19,1.01,0.011026382816295852,-0.007957134218594147,-0.009090807437713077
HON,2024-03-01,other,-0.003598303775485907,-0.0015094372042231078,0.005042525771315863
HON,2024-02-01,2.02,-0.0505073105791537,-0.00013180486722738465,-0.0054841760806196346
HON,2024-02-01,5.02,-0.0505073105791537,-0.00013180486722738465,-0.0054841760806196346
HON,2023-12-11,2.02,0.029579080745260524,0.01458982960181676,-0.00523500756631557
HON,2023-11-28,5.02,0.008336828834999572,0.02797782188926007,0.04780810832196676
HON,2023-10-26,2.02,0.007553615252746107,0.003670909732422062,0.021107501405673027
HON,2023-10-10,2.02,-0.002072238125405335,-0.0054045431025660645,0.0014381529000989258
HON,2023-07-27,2.02,-0.0662053762039351,-0.008628180246751695,-0.012220344741379813
NFLX,2026-06-05,8.01,0.027025528287667945,-0.11151567371195958,-0.03132723154658287
NFLX,2026-04-23,8.01,-0.008725175993625673,-0.04939544294287492,-0.034945138145930844
NFLX,2026-04-16,2.02,-0.10304486223341451,-0.0398551588646368,-0.12845449863200403
NFLX,2026-02-27,other,0.15175262035975853,0.017692977358586465,0.03925811007562198
NFLX,2026-01-20,2.02,-0.023398909913565327,-0.07050025549299531,-0.09135156654278849
NFLX,2026-01-20,1.01,-0.023398909913565327,-0.07050025549299531,-0.09135156654278849
NFLX,2025-12-22,1.01,-0.01942287969633969,-0.03527218672660647,-0.12061000342450025
NFLX,2025-12-05,1.01,-0.0633382605723885,-0.027300824824866746,-0.08655435844089163
NFLX,2025-11-14,other,-0.03909551803038815,-0.0378461447511198,-0.19923383620398688
NFLX,2025-11-04,5.02,0.003247239777707047,0.05020832698927645,-0.08394283110557771
NFLX,2025-10-30,8.01,0.020864650085803408,0.031206049558609644,-0.06488241480750119
NFLX,2025-10-21,2.02,-0.09716414876163143,-0.04518872749110488,0.0024782320769992094
NFLX,2025-07-17,2.02,-0.041912781438658814,-0.07046843553984346,-0.05389038126351367
NFLX,2025-06-24,5.02,0.0021340626645687533,-0.03428447862515746,-0.15905871337042282
NFLX,2025-06-06,other,-0.03671127583131716,-0.0012901156971029289,-0.03924770269707442
NFLX,2025-04-17,2.02,0.052644230769419445,0.023463347629787825,-0.019317480161447093
NFLX,2025-01-21,2.02,0.08971459496572759,0.03561859771414426,0.04516440140759112
NFLX,2024-10-17,2.02,0.0824586126920902,0.0020415295516129778,0.04040018241377264
NFLX,2024-08-01,8.01,0.013282435351052026,0.023958675219665597,0.04560066489010611
NFLX,2024-07-18,2.02,-0.005234285711217565,-0.006002769982435759,0.024043711435685355
NFLX,2024-06-07,other,-0.010212297953133262,0.00939989374541754,-0.005040398434841831
NFLX,2024-04-18,2.02,-0.08642583987542919,-0.020645846537700813,-0.017005209850762884
NFLX,2024-01-23,2.02,0.1140325195096452,-0.007315442173720857,0.01017413921392869
NFLX,2023-12-08,5.02,0.0040371789298185145,0.008691080555319398,-0.011388321049326782
NFLX,2023-10-18,2.02,0.16359456811132866,0.04727668444170334,0.039408827223293925
NFLX,2023-09-08,5.02,-0.011212888681926584,-0.12416358691014434,-0.13977581942935097
NFLX,2023-07-19,2.02,-0.07742910981606935,-0.035143629202875,-0.06188573225897422
DIS,2026-05-06,2.02,0.0722808528752377,-0.05020618604938111,-0.11118858174122175
DIS,2026-03-20,5.02,-0.007296308377507173,-0.018546547261474526,0.005456143684672647
DIS,2026-03-03,8.01,-0.00897107727856718,0.003147768918938948,0.0020470108653300456
DIS,2026-02-24,5.02,-0.009920256017174021,-0.004854374729881161,-0.011635498491902832
DIS,2026-02-12,8.01,-0.005910296137112116,0.0028329063728013693,-0.019695018887149203
DIS,2026-02-03,5.02,0.040781445807003824,0.00891123844682516,-0.02138524570575223
DIS,2026-02-02,2.02,-0.07147035524157154,0.02975803899260077,0.018402181239159217
DIS,2025-12-09,8.01,0.006498012096097369,0.04842687094388178,0.061115091446878704
DIS,2025-11-13,2.02,-0.0775904926074128,-0.02970659601659886,0.039234472223295215
DIS,2025-11-12,5.02,-0.04586392306947243,-0.051089854718417524,0.010202241804128306
DIS,2025-11-07,5.02,-0.0010534412181705606,-0.03619745138908035,-0.041110815304292295
DIS,2025-10-16,5.02,-0.00894189254693739,-0.016208188759906914,-0.04430179049708645
DIS,2025-10-01,5.02,-0.026375815525748622,-0.00251681907646542,-0.05389567829317947
DIS,2025-08-06,2.02,-0.054728172803557545,0.020859104007200327,0.011833952689724665
DIS,2025-06-09,7.01,0.035675198507493414,-0.005290898584813738,-0.01562575768398026
DIS,2025-05-07,2.02,0.13115373147704695,0.03760823947539732,0.055729583387902286
DIS,2025-03-24,other,0.012455157576319225,-0.12371814695997266,-0.1011813580675858
DIS,2025-03-04,8.01,-0.029814329021881435,-0.07239733045315563,-0.08834402221461903
DIS,2025-02-05,2.02,-0.014795937227082466,-0.019890896342548477,-0.03702307932678445
DIS,2025-01-06,8.01,0.0037901162503078973,-0.044598324723137676,-0.032383279569098075
DIS,2024-11-14,2.02,0.13139998350719462,0.00630334219252812,-0.025642089449545255
DIS,2024-10-21,5.02,-0.003954965103515043,0.0057439612350651875,0.16133325539679044
DIS,2024-08-07,2.02,-0.055110602690529344,0.019322730450634037,0.009957157739953273
DIS,2024-07-19,5.02,-0.030630986182221123,-0.02415102307822399,-0.0546339820536224
DIS,2024-05-07,2.02,-0.0954005690733519,-0.042489088042603575,-0.060321015481136483
DIS,2024-04-09,5.02,0.007193914463348929,-0.011990236298003113,-0.09903076369707284
DIS,2024-04-03,8.01,-0.03679473419782361,-0.011865502872242271,-0.031654385418286794
DIS,2024-03-04,8.01,0.021598388774843477,0.0033317620179132285,0.07779177643418178
DIS,2024-02-28,7.01,0.019319354147667427,0.0017022608655239526,0.067558603982594
DIS,2024-02-07,2.02,0.1072077935643963,-0.03245919971178578,-0.009249771830590451
DIS,2023-12-22,5.02,-0.01781347654790519,-0.006026807245230796,0.014301361601868776
DIS,2023-11-30,other,-0.0092681541681866,-0.007276704753678684,-0.050804616146099574
DIS,2023-11-29,5.02,3.796846922238012e-05,-0.023166797088979684,-0.06045562096736554
DIS,2023-11-08,2.02,0.07969361106087039,0.0034445395963516286,-0.020435854806237518
DIS,2023-11-06,5.02,-0.009135906176239602,0.08333661299571245,0.046341765746082134
DIS,2023-11-01,8.01,-0.013250552617046968,0.0842958246826186,0.06971434153122795
DIS,2023-10-18,7.01,-0.0032553172476028017,5.385663759940179e-05,0.08947151653520935
DIS,2023-09-19,7.01,-0.010891528746361498,0.028624597107630323,0.08228253739645927
DIS,2023-09-08,8.01,0.017013980761874173,0.04764461812130439,0.08771931749939867
DIS,2023-08-09,2.02,0.05199913870311729,-0.047538464681736774,-0.10343476867509967
DIS,2023-07-12,5.02,-0.008738823667432994,-0.06240484068334065,-0.007263832799381319
CRM,2026-06-02,5.02,-0.08455761302108317,-0.13904153054597282,-0.10394648454550043
CRM,2026-06-01,5.02,0.05636846894353105,-0.16983058709847001,-0.1881523134654715
CRM,2026-05-27,2.02,-0.015815454815733092,0.031391011931227175,-0.08211198680410778
CRM,2026-03-16,7.01,0.005411137781946988,0.028065632942346003,-0.11415136743844016
CRM,2026-03-13,1.01,-0.003308572023922089,-0.02376234668124089,-0.11038045689049694
CRM,2026-03-12,1.01,0.02061655069655145,0.011056786175275665,-0.1309522612575153
CRM,2026-03-06,5.02,-0.003949343400572149,0.04689631772103316,0.0012671054145745216
CRM,2026-02-25,2.02,0.07509023518362307,0.010032258589093172,-0.006670068115072958
CRM,2025-12-03,2.02,0.05237793346544631,0.07654689623677205,0.05558081848468634
CRM,2025-11-18,7.01,-0.03116190287723637,0.02890301129229575,0.14423414421421865
CRM,2025-10-16,7.01,0.03157117686663239,0.04336616206966751,0.004219733138508132
CRM,2025-09-03,2.02,-0.048277873614729225,-0.01674435955538663,-0.056443536104558614
CRM,2025-07-09,5.02,-0.045111279999188895,-0.0018679116280759696,-0.06893811124121503
CRM,2025-06-24,1.01,0.0036152546713908353,-0.02123728572005788,-0.05570694585900493
CRM,2025-06-09,5.02,-0.030836971493721888,-5.100310320282908e-05,-0.03463414334357561
CRM,2025-05-28,2.02,-0.03499077804067691,-0.022913009562995357,-0.02336480125355657
CRM,2025-05-27,7.01,-0.00524913247990905,-0.053789295434960374,-0.06138549476011919
CRM,2025-02-26,2.02,-0.015121229241118608,0.026400848894136485,-0.010164386031901673
CRM,2025-02-05,5.02,-0.048199935097111304,-0.04428102754819147,-0.05736983646143822
CRM,2024-12-10,other,0.00379610162576674,-0.01578581275752286,-0.044046158587052825
CRM,2024-12-03,2.02,0.1029939009980191,-0.033858718582054206,-0.04602665850272662
CRM,2024-11-05,1.01,-0.022886307310819642,0.05834378963991248,0.1537940494779269
CRM,2024-09-05,7.01,0.013254726571300602,0.015861921005508307,0.08003343238979194
CRM,2024-08-28,2.02,-0.01852477317174881,-0.014524342042914041,0.03665556402378003
CRM,2024-07-01,5.02,-0.015463722745562446,-0.03501619380348448,0.04570556081909651
CRM,2024-05-29,2.02,-0.17217522389879025,0.03502647843230657,0.09156461819575307
CRM,2024-02-28,2.02,0.025591928558153898,-0.04180534583885023,-0.0864114403084246
CRM,2023-11-29,2.02,0.11164426086901276,-0.024965466304001142,-0.024404664016172625
CRM,2023-08-30,2.02,0.03933843727811932,-0.019142403486395135,-0.04104066430027718
ADBE,2026-06-11,2.02,-0.13932651323292228,0.0310374182376452,0.10973571620555919
ADBE,2026-04-21,5.02,0.030945826622681867,0.006961906490082517,0.017328949749036697
ADBE,2026-03-12,2.02,-0.0662838540424114,0.013097112734703608,-0.06872986979443024
ADBE,2026-01-27,5.02,-0.01720869135249371,-0.10356064640072377,-0.11499761100189572
ADBE,2025-12-10,2.02,0.01509179048213016,0.026522062035427472,-0.006671106412467322
ADBE,2025-09-11,2.02,-0.004047771580151501,0.0362997494948132,0.028053587608655613
ADBE,2025-06-12,2.02,-0.042722301579117036,-0.03594003621275244,-0.09087341819742045
ADBE,2025-04-24,5.02,0.014134728990500198,0.024104899121613642,0.07612221137742711
ADBE,2025-03-12,2.02,-0.11440657036866277,0.02776947067736789,-0.005210988303970779
ADBE,2025-01-30,5.02,-0.004753280519673155,0.0543313772295905,0.06383037709911604
ADBE,2025-01-17,1.01,0.0016122012498608392,0.036906456996617445,0.08755644368045883
ADBE,2024-12-11,2.02,-0.13037638754506198,-0.03129117566310398,-0.06658336469543842
ADBE,2024-09-12,2.02,-0.08976417062668393,-0.057332708237602524,-0.07653256664274528
ADBE,2024-08-08,5.02,0.006475702912710998,-0.013649287832829685,0.04689766615638132
ADBE,2024-07-18,5.02,0.0015836402983790653,0.017777107055066764,0.016547541668164807
ADBE,2024-06-13,2.02,0.14100986988606437,0.05851069828849576,0.04140936596688523
ADBE,2024-04-19,5.02,-0.01335334556019507,0.0034572659551956146,-0.06009490755978871
ADBE,2024-04-04,1.01,-0.021093924943602623,0.03701922839207681,0.025980134006372495
ADBE,2024-03-14,2.02,-0.12900447671101734,-0.025014169367230214,-0.05616110246908353
ADBE,2024-01-26,5.02,-0.0006973880891890608,-0.047144735712060785,-0.18218787376419876
ADBE,2023-12-18,1.01,0.011374257002784258,-0.04641909786452448,-0.04991733989573064
ADBE,2023-12-13,2.02,-0.1099613740225786,-0.020195327002548023,-0.03517372938891969
ADBE,2023-10-26,5.02,-4.0752584544570536e-05,0.027314750390403267,0.005027864460754096
ADBE,2023-09-14,2.02,-0.04107266084057233,-0.0016399077616549365,0.07702020147658743
AMD,2026-07-01,5.02,-0.1119464192215188,,
AMD,2026-05-15,5.02,-0.039411706541699926,0.11401769851323093,0.18552752177175594
AMD,2026-05-05,2.02,0.17069935946786519,-0.02985523308979194,0.16174047881629722
AMD,2026-02-24,1.01,0.03591320308828118,-0.012159975889513154,0.03646898494848191
AMD,2026-02-17,5.02,-0.0533333158164634,-0.04545801623635897,-0.008973104770083819
AMD,2026-02-03,2.02,-0.16724202124893603,-0.015552994225305969,-0.017534367940867705
AMD,2026-01-20,5.02,0.09229925586036974,-0.05417986496536478,-0.229095784962472
AMD,2025-12-15,5.02,-0.00370860127877754,-0.01830604605425476,-0.009426547659503313
AMD,2025-11-04,2.02,0.002834533402538586,-0.05344019149088691,-0.1766825241119228
AMD,2025-10-27,2.01,-0.005624106733641308,-0.029363734894778035,-0.10315271550286031
AMD,2025-10-06,1.01,0.27777193148729157,0.14525064861690795,0.2033987116600537
AMD,2025-08-25,5.02,-0.004899331262899265,-0.07519100749767818,-0.08122739500754256
AMD,2025-08-05,2.02,-0.08129522028502131,0.012713615188898672,-0.015537732011628455
AMD,2025-07-02,5.02,-0.007523884885899581,0.162319294957619,0.2644856428923252
AMD,2025-05-19,1.01,-0.022182615730982576,0.04444126241560281,0.14869887994252576
AMD,2025-05-16,other,-0.012262851564147883,0.027189651997343182,0.11912564565304662
AMD,2025-05-06,2.02,0.00995732179324,0.043973832023475726,0.10073914194341593
AMD,2025-04-16,8.01,-0.03685383368999802,0.009600737629626124,0.10479930932852868
AMD,2025-03-31,2.01,-0.01746290712109678,0.05167335072191431,0.047019914418199284
AMD,2025-03-24,1.01,0.04141650579594278,-0.007609878349275415,-0.019657866180217115
AMD,2025-03-12,1.01,0.0395444999641512,0.0836405162387868,0.0860510905582679
AMD,2025-02-24,5.02,-0.03670397465404543,0.07855868031820287,0.2212396803318623
AMD,2025-02-04,2.02,-0.034199937897244265,0.020410413197208103,0.04011392751182605
AMD,2024-11-18,5.02,0.017269484040226872,-0.02305819628255873,-0.13558423634845004
AMD,2024-10-29,2.02,-0.06171341723382226,-0.09526632235007002,-0.14309439663117324
AMD,2024-08-19,1.01,0.03430039019793755,-0.09344848461610249,-0.036190645296767215
AMD,2024-07-30,2.02,0.007869379761612028,0.019049726949547357,0.0030601272185908656
AMD,2024-07-22,5.02,-0.004200742314243267,0.03291127903112554,-0.0066706270163291274
AMD,2024-07-02,5.02,0.01259736048794831,-0.043775720056543954,-0.11241853452944703
AMD,2024-05-13,other,-0.003524076496332032,0.08388622445897284,-0.025219093889507754
AMD,2024-04-30,2.02,-0.06039332402882013,-0.04935634455316842,0.005682847417208779
AMD,2024-02-20,5.02,-0.051754038699293195,0.17496888781013914,-0.0032766169759390965
AMD,2024-01-30,2.02,-0.02876539956194778,-0.03698380249001866,-0.06677107837951832
AMD,2023-10-31,2.02,0.08362585126840125,-0.030040716903043392,-0.039933072681665654
AMD,2023-08-01,2.02,-0.011576330965624736,0.04738820135159995,-0.02823152458255921
AMD,2023-07-10,5.02,-0.035585911934419616,-0.06523502705323794,-0.0048934771759823435
INTC,2026-05-15,other,-0.04737907620849193,-0.07828612112089127,0.06736570070886361
INTC,2026-04-30,8.01,0.021026853281494284,0.07551297340601743,0.02265621550673034
INTC,2026-04-24,5.02,0.24299220258068024,0.3313682211620384,0.25252476663053
INTC,2026-04-23,2.02,0.2473590744853894,0.23606060447763774,0.2799887419193079
INTC,2026-04-08,8.01,0.1009530249724292,-0.03990296977367599,0.47450951353231835
INTC,2026-04-03,5.02,0.036737290883533794,0.07882304347042682,0.4466947594734878
INTC,2026-03-03,8.01,0.0019165219988960258,-0.021908480616870528,0.0026686048504979513
INTC,2026-01-23,8.01,-0.24012211360038532,0.16938362639553262,0.021773547418555878
INTC,2026-01-22,2.02,-0.1818135703498299,0.0850759698123299,-0.04805463926456924
INTC,2025-12-29,other,0.03266609877176593,0.21467114107953977,0.2501422711678284
INTC,2025-11-12,5.02,-0.03169224399244506,-0.0027026489643780273,0.045576906606465524
INTC,2025-10-23,2.02,0.012977440462692781,-0.0177375180112736,-0.08856573740726303
INTC,2025-09-29,other,-0.0653779038001032,0.11605009491794824,0.13160609204895432
INTC,2025-09-18,7.01,0.18020719159453935,0.22739635202242284,0.23318051183679908
INTC,2025-09-15,2.01,0.042009909271280566,0.3250488317073002,0.4027068890367441
INTC,2025-09-08,5.02,-0.008430784891903995,0.14882788279500941,0.39358017882902
INTC,2025-09-05,8.01,-0.004118782649702607,0.1773224818257857,0.3977479771506809
INTC,2025-08-29,1.01,-0.007365463377223231,-0.02290007248962734,0.33125479361314303
INTC,2025-08-25,1.01,-0.01722648189868611,-0.005156076391633185,0.17034492007235497
INTC,2025-08-21,7.01,0.03544565677510277,-0.01716548829183481,0.15069110743011085
INTC,2025-08-14,1.01,0.10689492695404068,0.009146966143765853,-0.0448055184116366
INTC,2025-07-24,2.02,-0.1265601816711319,-0.015800740375006016,0.1754715215180616
INTC,2025-05-09,other,0.0005411028417217426,-0.07555001480392674,-0.10345711612782962
INTC,2025-04-30,5.02,-0.029774920328470032,-0.012909987901710607,-0.06534033731194401
INTC,2025-04-24,2.02,-0.0754987652516923,0.014722770087504753,-0.047854694627127235
INTC,2025-04-17,1.01,0.029004864851048685,-0.08238147637798682,-0.10461550537688982
INTC,2025-04-14,8.01,-0.003802543337480589,-0.016092014512853466,-0.007326236558975232
INTC,2025-03-28,2.01,-0.001251580665547581,0.003958417042841271,0.00873880495078919
INTC,2025-03-14,5.02,0.027829523824126172,-0.04649416316609399,-0.05051336765873534
INTC,2025-02-28,5.02,-0.0004616334893188835,0.19249287417980981,0.2082051262481314
INTC,2025-01-30,2.02,-0.006656466932182997,0.2375654980921862,0.339542006635322
INTC,2024-12-05,5.02,-0.03893146334976169,0.028212448687819337,0.07253099430540552
INTC,2024-12-03,5.02,-0.08965104672541979,-0.0176356057191245,0.08114712356214882
INTC,2024-11-27,1.01,0.0030728303102974114,-0.10427782316186505,-0.05062145562403077
INTC,2024-10-31,2.02,0.08499325168813368,0.04098190448205735,0.015358209902226637
INTC,2024-08-22,5.02,-0.040464149818912803,-0.012970979092410913,0.07976672968596435
INTC,2024-08-01,2.02,-0.2703639215701357,-0.059243614848168716,-0.08183431341781833
INTC,2024-06-14,1.01,0.00818669672107594,0.00863394460290606,0.08552145473742849
INTC,2024-06-04,1.01,-0.000530532440816054,-0.03413524374931515,-0.019368061237327296
INTC,2024-05-09,other,-0.014877191886947074,-0.003021692489057315,-1.760896883738587e-05
INTC,2024-05-08,7.01,-0.027283899432702576,0.019039976914325733,-0.022369339704048426
INTC,2024-04-25,2.02,-0.08290777775049679,-0.0885781004733512,-0.10601972157413601
INTC,2024-04-02,7.01,-0.08865605040998135,-0.06501290448820585,-0.23176804381035568
INTC,2024-03-13,5.02,-0.05193768837171643,-0.008367743049267691,-0.14791849943801114
INTC,2024-02-21,8.01,-0.06754468690097368,0.016510898159082882,-0.08371331112864998
INTC,2024-02-16,5.02,0.02262131655483674,-0.030451817216255395,-0.11188826623323835
INTC,2024-01-25,2.02,-0.11810707698345305,-0.06625894441647888,-0.09330866047401566
INTC,2024-01-03,5.02,-0.0063704264285380525,-0.04066917453594298,-0.15706217432264263
INTC,2023-12-05,other,-0.02165323065053843,0.051680237461755846,0.07244448383006828
INTC,2023-10-30,7.01,-0.0002661788989065661,-0.027953409395245807,0.06854804921185945
INTC,2023-10-26,2.02,0.10710902937296356,-0.022906621798551855,0.05275352538783348
INTC,2023-10-05,5.02,-0.010576794569156483,-0.007993957909590045,0.033609084656461855
INTC,2023-08-16,7.01,-0.042587468300031926,0.016085431939911514,0.1357940929125192
INTC,2023-07-27,2.02,0.06909359776004395,-0.014753330345696362,-0.03817722380902447
MU,2026-06-24,2.02,0.1397667798022113,-0.27746930445196816,-0.27746930445196816
MU,2026-06-09,5.02,-0.024143968567004872,0.09561416956330943,-0.036592077413631116
MU,2026-04-01,8.01,0.05583161143791629,0.035528766897531816,0.06167479470385932
MU,2026-03-25,8.01,-0.08804964018289307,0.0211174718480553,0.01923223309835302
MU,2026-03-18,2.02,-0.012124723001622168,-0.20797201395739096,-0.17630386373745954
MU,2026-01-21,other,0.04497654021313778,-0.05323606520393884,0.02426395432477711
MU,2025-12-17,2.02,0.07284462399620945,0.19282521131455133,0.28496822058862464
MU,2025-10-21,5.02,-0.031823260073091074,0.0681454233205948,0.16119111125430477
MU,2025-09-23,2.02,-0.0007800571751114885,0.11541353596985693,0.19588493494661896
MU,2025-08-11,7.01,0.054486561988870544,-0.09338003099165976,0.03136314757985311
MU,2025-07-18,other,-0.0025323135933723664,-0.04947493382385982,0.024619553580493454
MU,2025-06-25,2.02,-0.029464888717826026,-0.05374288063572506,-0.15963557181515717
MU,2025-06-12,8.01,0.015324587537670784,0.02275598869270217,-0.0421041969243654
MU,2025-04-29,1.01,-0.0327846374548217,0.11784810840663729,0.12298363084186675
MU,2025-03-20,2.02,-0.0633696184293497,-0.10302759068282485,-0.11279643810293453
MU,2025-03-12,1.01,0.08733352829043867,-0.09235724405493655,-0.14050286656604233
MU,2025-03-05,5.02,-0.0001259081392438119,0.17543506353794794,0.05721821901873088
MU,2025-01-21,5.02,0.0008007311792730797,-0.15034537143619353,-0.035901831745095765
MU,2025-01-16,1.01,0.008725522596786089,-0.14305185163988232,-0.07034552039707229
MU,2024-12-18,2.02,-0.13402621286481547,0.013463139472490747,0.18657683667455469
MU,2024-12-10,1.01,-0.014683033136070674,-0.09416376174805494,0.10752665594786862
MU,2024-10-30,5.02,-0.027707569180301286,-0.0946607713751284,-0.1062530628645208
MU,2024-09-25,2.02,0.1636742409679913,-0.08715584258442083,-0.04902849275059723
MU,2024-08-07,7.01,0.004534406622078,0.05672166081517084,-0.11043260719095899
MU,2024-07-19,other,-0.029446773449903308,-0.1632967668476878,-0.09797599522090818
MU,2024-06-26,2.02,-0.07025673999039181,-0.05560098707036776,-0.2109718738354568
MU,2024-04-19,7.01,-0.026025807031420885,0.013075777677729796,0.04761238831418457
MU,2024-04-11,7.01,0.011842071022592385,-0.07567546765009066,-0.07180661993024744
MU,2024-03-20,2.02,0.14815498446969724,0.1479452317782042,0.0799171843258479
MU,2024-03-11,5.02,-0.015004495053917988,0.17971811465547885,0.22436452554026998
MU,2024-01-19,other,0.03131191032895919,-0.06551664626909859,-0.1679019602235038
MU,2024-01-12,1.01,0.017428368888515122,0.0037921132410525735,-0.06546811151305454
MU,2023-12-20,2.02,0.04741436463052273,-0.018629227538854723,-0.0031596107101826178
MU,2023-11-28,7.01,-0.012137738885291332,-0.012459897284370755,0.04991688401509026
MU,2023-09-27,2.02,-0.04867159191503408,0.051310664059742564,0.0531425434051153
MU,2023-08-21,7.01,-0.008061031126355624,0.07017622558054948,0.08975772677419586
MRVL,2026-06-25,8.01,-0.02706357365623225,-0.13308013564831442,-0.13308013564831442
MRVL,2026-06-11,5.02,0.05183074762466351,-0.015444396838853729,-0.1455186819776939
MRVL,2026-05-27,2.02,-0.0321535816498345,0.3450518826344726,0.4165628684739834
MRVL,2026-04-15,1.01,-0.02683061883773654,0.12858811595705905,0.1690712847267239
MRVL,2026-03-31,7.01,0.125946118033506,0.09506307116090694,0.21883230358207573
MRVL,2026-03-19,8.01,0.04222994870138127,0.19476002373323834,0.29883100876872914
MRVL,2026-03-19,8.01,0.04222994870138127,0.19476002373323834,0.29883100876872914
MRVL,2026-03-05,2.02,0.1982080570934649,0.06085880626750823,0.2802726672673267
MRVL,2026-02-18,8.01,0.005817941093397828,-0.002846406393026947,0.22905967702618701
MRVL,2026-02-06,8.01,0.05676380321752442,0.0014635935031095757,0.22920824802374246
MRVL,2025-12-12,8.01,-0.027128021803116492,0.0011604033482478463,-0.03307151358412169
MRVL,2025-12-02,other,0.0867022471981504,-0.14855130351909382,-0.1496778889135651
MRVL,2025-12-02,2.02,0.0867022471981504,-0.14855130351909382,-0.1496778889135651
MRVL,2025-12-02,8.01,0.0867022471981504,-0.14855130351909382,-0.1496778889135651
MRVL,2025-09-25,8.01,0.03686666825750548,0.06026599543762283,-0.025567868899669412
MRVL,2025-09-24,8.01,0.13859656864363368,0.05330649657039245,-0.05202313344190016
MRVL,2025-09-19,8.01,-0.003718983530777724,0.1338778605494061,0.18254426420264827
MRVL,2025-08-28,2.02,-0.14791893636289613,0.024973701317670505,0.2174667141523518
MRVL,2025-08-14,8.01,-0.03356407349112632,-0.0013232041521144093,-0.1442720973466869
MRVL,2025-07-23,5.02,0.006892110940926004,0.028663559407463797,-0.04492444265811687
MRVL,2025-07-17,5.02,0.040244113357020786,0.06151411387235222,0.0004052951921798497
MRVL,2025-06-30,1.01,-0.02198982369742787,-0.06341315981743259,-0.055995056344988914
MRVL,2025-06-20,5.02,-0.07313644005160165,-0.05889650274346436,-0.05913332101616664
MRVL,2025-06-13,8.01,0.018220179312818607,0.03840476045046035,-0.036621759746923235
MRVL,2025-05-29,2.02,-0.07379798779779217,0.09937238947634724,0.16801971516939374
MRVL,2025-05-06,2.02,-0.08010148413019069,-0.05082801026272836,0.02316638295670468
MRVL,2025-04-14,5.02,-0.019345501981751688,0.016420023641439747,-0.02418186991151857
MRVL,2025-04-08,8.01,-0.062319431118087056,-0.038526655195163455,-0.11726669983702379
MRVL,2025-03-21,8.01,-0.0197396690110292,-0.03173508083952242,-0.07255097188545777
MRVL,2025-03-12,8.01,0.04545315749692773,-0.12245216895433608,-0.10582638701559546
MRVL,2025-03-05,2.02,-0.15880706833275401,-0.0069815529997176475,-0.1002236445751598
MRVL,2024-12-13,8.01,0.13163482149488934,-0.027636804254688792,-0.002499239299188119
MRVL,2024-12-03,2.02,0.20470357101559508,-0.02018988919611861,0.07384522543550975
MRVL,2024-12-02,8.01,0.029937935556599488,0.2865604308849856,0.2580805707642061
MRVL,2024-09-16,other,-0.025680101802369223,-0.05016112352474255,-0.007477826208524815
MRVL,2024-09-13,8.01,-0.025537415930661708,-0.06384643636763333,-0.042765755269229794
MRVL,2024-08-29,2.02,0.09238328626127217,-0.0004626842702363295,-0.08000635841200046
MRVL,2024-06-21,8.01,-0.06377480606038578,0.05641794879160904,-0.007180852524729591
MRVL,2024-05-30,2.02,-0.09385068137495797,0.007436504243371046,-0.03557579999579249
MRVL,2024-04-29,5.02,-0.022807737017223148,-0.05038016540659691,0.03176869906564746
MRVL,2024-03-15,8.01,0.018454097646785503,0.04410614415925053,0.048474829779100385
MRVL,2024-03-07,8.01,-0.07739263918329506,-0.1776942602734505,-0.06973001165959235
MRVL,2024-03-07,2.02,-0.07739263918329506,-0.1776942602734505,-0.06973001165959235
MRVL,2023-12-08,8.01,0.023473227465631637,0.0325273030236418,0.085873711898725
MRVL,2023-11-30,2.02,-0.08324820209863357,0.05088784348460269,0.041376800254031315
MRVL,2023-09-18,1.01,-0.004304137072199948,0.08859493728018233,0.025716170430475225
MRVL,2023-09-15,8.01,0.0070150858010774335,0.07184842400878737,0.02306796016998034
MRVL,2023-08-24,2.02,-0.1202984375641164,0.010486632687218462,0.011762675989468242
TEM,2026-05-22,other,-0.01996445247522087,0.11930108710250305,0.16167562278974276
TEM,2026-05-13,1.01,-0.06140752136101571,0.12673391177824306,0.19340432771846558
TEM,2026-05-05,2.02,-0.09613945546894714,-0.14093297605693642,-0.14705053419707617
TEM,2026-02-24,2.02,-0.09805443834510567,0.01145234388058346,0.061878770588419875
TEM,2026-01-12,2.02,0.010385483056294921,-0.031243570908246268,-0.21824741560552413
TEM,2025-11-04,2.02,-0.057364182140672036,-0.15677420078055165,-0.162660993268283
TEM,2025-08-27,8.01,-0.05166075180546624,0.15513256749150803,0.005193714872305931
TEM,2025-08-08,2.02,0.015152650875650955,0.2337493705397296,0.19923526861982352
TEM,2025-07-03,1.01,-0.027320073253396956,-0.010832154245702543,-0.12230123701939705
TEM,2025-05-23,other,0.06404407852837138,-0.018087649779571655,-0.07392283260742923
TEM,2025-05-06,2.02,0.09612364444394297,-0.13518361712670982,-0.15013730564930702
TEM,2025-04-23,8.01,0.08317491944445611,-0.020779771790038662,-0.19215659812756927
TEM,2025-02-24,2.02,-0.09935811751357773,-0.06535111650139257,0.1114162573101391
TEM,2025-02-03,1.01,0.07843512752748996,0.2604050351784645,0.04846561736446748
TEM,2025-01-13,2.02,-0.16524653801464306,0.403745798592417,0.7433509116664524
TEM,2024-11-05,1.01,0.08059308396065637,-0.0214203482942941,-0.031054582837386747
TEM,2024-11-04,2.02,-0.05912080956591448,0.20587619578942867,0.16787490752040557
TEM,2024-09-06,8.01,-0.1562007169975616,0.09220004176625475,0.0404964403816042
TEM,2024-06-17,other,-0.29025507840736525,0.19650769723854614,0.2823816031731936
EOSE,2026-07-02,8.01,-0.05410111395565087,,
EOSE,2026-07-01,8.01,-0.10604246395985889,,
EOSE,2026-06-30,1.01,-0.11845770268136875,-0.05343328031136925,-0.05343328031136925
EOSE,2026-06-05,7.01,-0.09065320198392801,0.05907954040132212,-0.27637764254703506
EOSE,2026-05-13,2.02,-0.03536783739039461,0.08962364643338103,-0.1784234004959383
EOSE,2026-04-30,5.02,-0.02043745241500046,0.1527269408269068,0.17025941788850874
EOSE,2026-04-09,2.02,0.2247945987236613,0.11138531651923642,-0.05340591765813342
EOSE,2026-03-31,5.02,0.06264188309115609,0.25673144991839625,0.10107210563982913
EOSE,2026-03-26,5.02,0.0025954691178206313,0.036901895230736934,0.2334969143919443
EOSE,2026-02-26,2.02,-0.5430851841337052,0.08202745855335153,-0.15610994495619976
EOSE,2026-02-17,1.01,0.015741906818836804,-0.5573106601645649,-0.6520330075759814
EOSE,2025-12-22,5.02,-0.11758188633741128,0.10888435031758362,0.3232614284270729
EOSE,2025-11-24,1.01,0.02239899069611779,0.03093693437602406,-0.2786284203783172
EOSE,2025-11-18,1.01,-0.025745054472922344,-0.06618387465314027,-0.196888183772076
EOSE,2025-11-05,2.02,0.078364061910691,-0.19434297236621656,-0.09544738436125566
EOSE,2025-10-31,7.01,0.07277542043027374,-0.11789854488247195,-0.20250085193649806
EOSE,2025-10-17,other,-0.06341331045359663,0.016798830033064316,-0.12320590999271935
EOSE,2025-07-30,2.02,-0.04735787509406199,0.03236795595444071,0.09781218670355381
EOSE,2025-07-29,5.02,-0.0469928207679004,-0.025089553706339626,0.05426757878551709
EOSE,2025-07-01,7.01,-0.06285593236760198,-0.021608768014560582,0.04801210636804944
EOSE,2025-06-03,1.01,-0.11505153400408769,0.07094121033064812,0.02329792105155919
EOSE,2025-06-02,1.01,-0.11055078229079084,0.08787258268668288,0.014084274080414745
EOSE,2025-05-29,1.01,-0.35166819543253,-0.12733950886339315,-0.19178732593020195
EOSE,2025-05-27,5.02,-0.10385795389571112,-0.47705025145129937,-0.5491404825659916
EOSE,2025-05-16,other,-0.11862333464291754,-0.4937010592398939,-0.49852725650276586
EOSE,2025-05-06,2.02,0.3071800298793431,-0.2338312983659004,-0.7780594956509176
EOSE,2025-03-27,5.02,-0.022741555805363432,0.012393190809453038,0.18151009704953042
EOSE,2025-03-05,5.02,0.16597197176557277,-0.06683604730433274,-0.2526741261442878
EOSE,2025-03-04,2.02,0.2344769536382038,-0.19686372352719403,-0.301712543090607
EOSE,2025-01-27,7.01,-0.07237935460444529,-0.10491720877413906,-0.41383726310484076
EOSE,2025-01-16,2.02,0.136126051563522,-0.1071412758610924,-0.33350405728206395
EOSE,2024-12-20,5.02,0.03599373060257559,0.15351731748180406,0.2259418944705884
EOSE,2024-12-03,1.01,0.0032591834050086504,0.27208370074322685,0.6655970736492404
EOSE,2024-11-12,8.01,-0.07940774370935706,0.112494928627449,0.2421515365705283
EOSE,2024-11-05,2.02,-0.19296409325458105,-0.1100663146945067,0.06559654735367497
EOSE,2024-11-04,7.01,-0.009444327523247614,-0.42178037641085836,-0.17361543117128161
EOSE,2024-09-12,other,0.030396083027658286,-0.08224977751588926,0.040280158869586496
EOSE,2024-08-30,8.01,-0.08391891172923946,0.09641553932635767,0.1546598563337394
EOSE,2024-08-06,2.02,-0.19938796661217098,0.09444464167784566,0.4541390332238144
EOSE,2024-07-30,5.02,0.07758409701294142,-0.01475907981557431,0.2145783856240561
EOSE,2024-07-29,5.02,0.029913775752533713,-0.0032175294045944103,0.26286561261460484
EOSE,2024-07-11,8.01,0.13728421047949774,-0.11768409657512481,-0.20386682829240957
EOSE,2024-06-24,5.02,0.4947802154141432,0.4170026146458644,0.39505182898306596
EOSE,2024-05-24,other,0.0004800729750509252,0.1446411628420401,0.7315350795044228
EOSE,2024-05-14,2.02,-0.006895333617267713,0.02153282349519176,0.29212831891553703
EOSE,2024-05-03,7.01,0.013680660228879475,-0.0287534188420666,0.037238876220795344
EOSE,2024-04-23,2.02,-0.03264751692576661,-0.1380543769401838,-0.08795595932034968
EOSE,2024-03-04,2.02,0.08732283233882444,-0.1341827621352994,-0.12900456550648545
EOSE,2024-02-13,2.02,-0.08412567268771194,-0.047912038653259936,-0.06480120255934707
EOSE,2024-02-05,8.01,-0.024776850670020556,-0.2048098451712831,-0.12294741013485422
EOSE,2024-02-01,1.01,0.05531447730488105,-0.17923397430346108,-0.22255060174523322
EOSE,2024-01-19,5.02,0.1524333254044293,0.11817169583948867,-0.12940969017692316
EOSE,2024-01-09,1.01,-0.08039507226108207,0.06695295705429472,0.18262605207018173
EOSE,2023-12-15,1.01,-0.34713028659091644,-0.08200167952110084,-0.25061585010472076
EOSE,2023-11-06,2.02,-0.35702232785028487,-0.23215168449533674,-0.2719412448954242
EOSE,2023-10-06,5.02,0.028312184209175563,-0.19673710941349537,-0.0904128261112484
EOSE,2023-08-31,8.01,0.14263282035587646,-0.3616214564032823,-0.49758467982461946
EOSE,2023-08-28,5.02,0.009577299789444145,-0.283299152732022,-0.3363395055795616
EOSE,2023-08-23,1.01,-0.0061720939669202,-0.09461319381917699,-0.29465489592192223
EOSE,2023-08-14,2.02,0.1664417284989147,0.23156870933031615,-0.05401190417672937
EOSE,2023-07-28,2.02,-0.08925166404288352,-0.01526208132281169,0.3790221757758351
